,Sample.number,X,Moisture.treatment,Residue.type,Lab.rep,Glucose.addition.treatment,Harvest.day,frac.mass.recovery,frac.pct.pom,frac.pct.maom,pom.n.pct,pom.c.pct,pom.n.g.kg,pom.c.g.kg,pom.cn,maom.n.pct,maom.c.pct,maom.n.g.kg,maom.c.g.kg,maom.cn,bulk.soil.N.g.kg,bulk.soil.C.g.kg,bulk.soil.cn,frac.pct.n.as.pon,frac.pct.c.as.poc,frac.pct.n.as.maon,frac.pct.c.as.maoc,frac.c.recovery,frac.n.recovery,d13C.som,d13C.pom,d13C.maom,X13soc,X13poc,X13maoc,doc,mbc,X13doc,X13mbc,X13co2,CUE,GMC,Moisture.pct,co2,co2.native,dna,file.names.ITS,richness.ITS,shannon.div.ITS,simpson.div.ITS,invsimpson.div.ITS,evenness.ITS,Harvest.day2,file.names.16S,richness.16S,shannon.div.16S,simpson.div.16S,invsimpson.div.16S,evenness.16S
1,1,1,Ambient,Clover,R1,G-50,T1,97.41009358,18.87109669,81.12890331,0.108,1.692,0.198529412,3.110294118,15.66666667,0.159,1.21,1.256541076,9.562356618,7.610062893,1.91,14.97,7.84,10.39,20.77684781,65.79,63.87679771,84.65364553,76.18170094,-15.52985867,-20.4041419,-17.13551038,29.0509424,2.04271328,15.95393413,70.83,908.3397142,4.7300016,9.293601362,9.067620397,0.506153756,0.25170068,20.10869565,30.21108891,6.108809943,123.031,Wooliver_ITS_1A11_Beever240927_S245,293,4.190147035,0.965470542,28.96077899,0.737679526,24 hr,Wooliver_16S_1A11_Beever240927_S81,12272,7.660406327,0.995534761,223.9521545,0.813631957
73,2,73,Ambient,Clover,R1,G-50,T90,97.89691715,18.89447632,81.10552368,0.046,1.734,0.085086705,3.207398844,37.69565217,0.112,0.9,0.889277842,7.145982659,8.035714286,1.88,13.94,7.41,4.53,23.00860003,47.3,51.2624294,74.27102943,51.82790145,-20.03976746,-21.79984328,-19.70751767,9.055488559,1.375383419,8.31904825,34.28,234.1677445,1.247495129,0.841805383,23.72982762,0.034259236,0.260309278,20.65439673,1453.657652,109.2859834,81.537,Wooliver_ITS_2A4_Beever240927_S285,206,3.799378921,0.95437954,21.9199896,0.713113218,6 mo,Wooliver_16S_2A4_Beever240927_S121,15423,7.547120055,0.995013595,200.545269,0.782602781
84,3,84,Ambient,Clover,R1,G-00,T1,97.94622578,18.3460585,81.6539415,0.111,2.263,0.199458918,4.066446226,20.38738739,0.135,1.087,1.079688878,8.69349489,8.051851852,1.97,15.64,7.94,10.12,26.00029556,54.81,55.58500569,81.58530125,64.93136018,-22.72256566,-22.8384384,-23.32032716,NA,NA,NA,51.06,649.7808731,NA,NA,NA,NA,0.248508946,19.9044586,15.03465857,NA,141.975,Wooliver_ITS_1A1_Beever240927_S165,144,4.065072485,0.970421107,33.80789169,0.817952756,24 hr,Wooliver_16S_1A1_Beever240927_S1,12621,7.701304961,0.995732063,234.3052559,0.815546885
95,4,95,Ambient,Clover,R1,G-00,T90,97.08880937,18.69653645,81.30346355,0.076,1.434,0.137957059,2.60303188,18.86842105,0.161,1.074,1.270878692,8.477787053,6.670807453,1.88,13.56,7.21,7.34,19.1964003,67.6,62.52055349,81.71695378,74.93807189,-22.44729243,-23.38949835,-24.02388188,NA,NA,NA,45.13,522.670998,NA,NA,NA,NA,0.270655271,21.30044843,1320.406096,NA,90.407,Wooliver_ITS_1A6_Beever240927_S205,240,3.809774382,0.952748389,21.16329955,0.695133256,6 mo,Wooliver_16S_1A6_Beever240927_S41,8915,7.154444572,0.993933294,164.8340878,0.786592493
106,5,106,Ambient,No residue,R1,G-50,T1,97.22624585,18.93039832,81.06960168,0.073,1.575,0.134358804,2.898837209,21.57534247,0.112,1.023,0.882794419,8.063381163,9.133928571,1.23,12.21,9.93,10.92,23.74150049,71.77,66.03915776,89.78065825,82.69538395,-11.74092114,-17.08849567,-14.93658623,31.0513804,3.365741043,15.80761423,21.88,430.831768,3.855275582,5.158411884,15.28532248,0.252322388,0.239837398,19.3442623,21.45896594,-2.124054593,76.791,Wooliver_ITS_1B11_Beever240927_S246,418,5.600263701,0.995106212,204.3407017,0.927890138,24 hr,Wooliver_16S_1B11_Beever240927_S82,18159,9.249810698,0.999796814,4921.590902,0.943192073
117,6,117,Ambient,No residue,R1,G-50,T90,98.21804753,18.50574299,81.49425701,0.052,1.027,0.094515093,1.866673089,19.75,0.092,0.833,0.736387026,6.667504271,9.054347826,1.11,10.7,9.64,8.51,17.44554289,66.34,62.31312403,79.75866692,74.8560468,-17.54945508,-21.28297782,-16.29895862,10.9588409,0.894472004,11.04458113,16.36,274.6358261,0.467736308,0.637965133,26.97002574,0.023107988,0.251072961,20.06861063,913.2798233,-20.12081182,56.559,Wooliver_ITS_2B4_Beever240927_S286,366,3.753634142,0.913281092,11.53151057,0.635925346,6 mo,Wooliver_16S_2B4_Beever240927_S122,20430,9.394803442,0.999838166,6179.173887,0.946602612
128,7,128,Ambient,No residue,R1,G-00,T1,98.87843269,17.81535033,82.18464967,0.069,1.336,0.12154722,2.353436035,19.36231884,0.116,1.041,0.942649565,8.459467214,8.974137931,1.18,11.65,9.87,10.3,20.20116768,79.89,72.61345248,92.81462016,90.18616822,-21.1627755,-21.39033995,-22.20169375,NA,NA,NA,19.82,140.6995984,NA,NA,NA,NA,0.245283019,19.6969697,8.297698053,NA,79.122,Wooliver_ITS_1B1_Beever240927_S166,463,5.430432144,0.991186975,113.4684231,0.88476273,24 hr,Wooliver_16S_1B1_Beever240927_S2,19245,9.320844702,0.99981631,5443.956997,0.944839179
139,8,139,Ambient,No residue,R1,G-00,T90,98.12246897,18.239247,81.760753,0.046,0.855,0.082325278,1.530176355,18.58695652,0.098,0.852,0.786211561,6.835227041,8.693877551,1.11,10.74,9.68,7.42,14.2474521,70.83,63.64270988,77.89016198,78.24656204,-21.34411832,-23.05917784,-22.43808475,NA,NA,NA,13.97,522.5926405,NA,NA,NA,NA,0.25813449,20.51724138,906.2455891,NA,53.12,Wooliver_ITS_1B6_Beever240927_S206,393,5.464979133,0.993570348,155.5294112,0.914823118,6 mo,Wooliver_16S_1B6_Beever240927_S42,20287,9.363396142,0.999822903,5646.63118,0.944106251
150,9,150,Ambient,Five-species mix,R1,G-50,T1,97.39616935,18.76826369,81.23173631,0.073,1.273,0.13344086,2.326989247,17.43835616,0.168,1.24,1.329158871,9.810458333,7.380952381,1.94,16.46,8.48,6.88,14.13723723,68.51,59.60181247,73.7390497,75.39173872,-16.72968698,-20.61391876,-17.40059029,28.63092414,2.436459021,16.01406759,49.27,393.650045,5.280893251,5.647755292,12.73671846,0.307202445,0.249427918,19.96336996,31.06987271,2.221012058,114.957,Wooliver_ITS_1C11_Beever240927_S247,237,3.61434529,0.935244857,15.44278883,0.660992234,24 hr,Wooliver_16S_1C11_Beever240927_S83,7667,7.122006206,0.994266373,174.4096612,0.796228111
2,10,2,Ambient,Five-species mix,R1,G-50,T90,97.83145695,19.08945984,80.91054016,0.051,1.091,0.095245033,2.037496689,21.39215686,0.123,0.891,0.973618311,7.05279606,7.243902439,1.92,14.25,7.42,4.96,14.29822238,50.71,49.49330568,63.79152806,55.66996585,-21.15385587,-23.2163354,-20.66196035,3.967915772,0.293239539,5.638322954,44.33,377.672699,0.729066408,1.38027583,27.53869381,0.047729081,0.262605042,20.79866889,1393.967454,-0.641665641,74.226,Wooliver_ITS_2C4_Beever240927_S287,200,3.441888336,0.924271521,13.20507174,0.649619133,6 mo,Wooliver_16S_2C4_Beever240927_S123,11146,7.076553137,0.993468113,153.0951108,0.759381661
13,11,13,Ambient,Five-species mix,R1,G-00,T1,97.94072338,19.9007697,80.0992303,0.131,2.146,0.255331547,4.182759545,16.38167939,0.154,1.197,1.20812639,9.390436939,7.772727273,1.94,15.81,8.15,13.16,26.45641711,62.27,59.39555306,85.85197017,75.43597614,-23.17750516,-24.49655312,-23.45193312,NA,NA,NA,47.23,1178.125145,NA,NA,NA,NA,0.238970588,19.28783383,16.11214219,NA,140.735,Wooliver_ITS_1C1_Beever240927_S167,243,3.89758213,0.951656899,20.68547475,0.709546429,24 hr,Wooliver_16S_1C1_Beever240927_S3,9649,7.339121818,0.994643473,186.6881396,0.799938326
24,12,24,Ambient,Five-species mix,R1,G-00,T90,97.68829009,18.66160851,81.33839149,0.088,1.512,0.160425815,2.756407186,17.18181818,0.152,1.038,1.207762874,8.247749102,6.828947368,1.83,13.63,7.45,8.77,20.22309014,66,60.51173222,80.73482236,74.76440925,-22.18575827,-23.74991586,-23.62575687,NA,NA,NA,38.79,728.278936,NA,NA,NA,NA,0.262210797,20.77393075,1366.742657,NA,79.447,Wooliver_ITS_1C6_Beever240927_S207,212,3.493460169,0.929087934,14.10197234,0.652180323,6 mo,Wooliver_16S_1C6_Beever240927_S43,7551,6.659860288,0.991830029,122.3994512,0.745832192
35,13,35,Ambient,Wheat-clover mix,R1,G-50,T1,96.67034806,18.41780018,81.58219982,0.08,1.631,0.142436412,2.903922356,20.3875,0.143,1.177,1.12778089,9.28250425,8.230769231,1.77,14.87,8.4,8.05,19.52873138,63.72,62.4243729,81.95310428,71.76368941,-15.52985867,-13.91273868,-16.53384342,29.63754951,7.534529065,16.82915142,43.06,590.4539314,4.871020878,6.105469785,12.57848374,0.326776117,0.266806723,21.06135987,34.26426156,1.014627606,131.68,Wooliver_ITS_1D11_Beever240927_S248,302,3.922651572,0.950235887,20.09480222,0.686927888,24 hr,Wooliver_16S_1D11_Beever240927_S84,12521,7.462048243,0.994652511,187.0036577,0.790876493
46,14,46,Ambient,Wheat-clover mix,R1,G-50,T90,97.67583808,18.52025734,81.47974266,0.062,1.278,0.112156863,2.311878558,20.61290323,0.129,1.001,1.026659677,7.966560753,7.759689922,1.67,13.27,7.95,6.72,17.42184294,61.48,60.0343689,77.45621184,68.1926072,-20.62957873,-21.34577798,-19.50301671,5.800043028,1.254231323,8.998983751,41.2,482.9361387,0.821978498,0.926088961,27.99046852,0.032026252,0.253012048,20.19230769,1402.736186,-16.92962911,79.48,Wooliver_ITS_2D4_Beever240927_S288,232,3.575043835,0.93083547,14.45827787,0.656364277,6 mo,Wooliver_16S_2D4_Beever240927_S124,10854,7.00125343,0.992851254,139.8846702,0.753447667
57,15,57,Ambient,Wheat-clover mix,R1,G-00,T1,97.94622578,19.64187675,80.35812325,0.1,2.109,0.19238477,4.05739479,21.09,0.123,1.045,0.968105311,8.224959753,8.495934959,1.72,14.68,8.53,11.19,27.63892908,56.29,56.02833619,83.66726528,67.4703535,-22.9175393,-23.53151518,-23.2545252,NA,NA,NA,41.78,1043.098203,NA,NA,NA,NA,0.249500998,19.96805112,20.67115021,NA,144.89,Wooliver_ITS_1D1_Beever240927_S168,233,3.86438994,0.949302092,19.72467992,0.708927294,24 hr,Wooliver_16S_1D1_Beever240927_S4,11305,7.477097082,0.994522544,182.5665011,0.801146124
68,16,68,Ambient,Wheat-clover mix,R1,G-00,T90,97.55196536,18.37111705,81.62888295,0.07,1.319,0.1254497,2.363830779,18.84285714,0.164,1.19,1.305941506,9.476038974,7.256097561,1.67,13.22,7.92,7.51,17.88071694,78.2,71.67956864,89.56028558,85.71204826,-22.24936901,-23.35691144,-23.69085577,NA,NA,NA,39.1,663.2219311,NA,NA,NA,NA,0.265151515,20.95808383,1391.575741,NA,83.029,Wooliver_ITS_1D6_Beever240927_S208,246,3.656085267,0.936880887,15.84306173,0.664099018,6 mo,Wooliver_16S_1D6_Beever240927_S44,9906,6.932126355,0.992198656,128.1830361,0.753418626
70,17,70,Ambient,Wheat,R1,G-50,T1,97.53719839,18.5534494,81.4465506,0.078,1.408,0.141152815,2.547989276,18.05128205,0.136,1.17,1.080393298,9.294559987,8.602941176,1.6,15.52,9.7,8.82,16.41745668,67.52,59.88762878,76.30508546,76.34663204,-15.59300752,-18.63721886,-14.9344094,28.76730624,4.406155512,19.87351541,52.23,362.0409043,10.29638213,4.317508812,10.58675109,0.289682872,0.266794626,21.06060606,35.6399786,-5.12812873,125.341,Wooliver_ITS_1E11_Beever240927_S249,431,4.755289873,0.979024594,47.67488269,0.783911167,24 hr,Wooliver_16S_1E11_Beever240927_S85,11140,7.783663411,0.996573427,291.8367506,0.835309605
71,18,71,Ambient,Wheat,R1,G-50,T90,97.93057366,18.63864657,81.36135343,0.074,1.411,0.135071708,2.575488918,19.06756757,0.122,1.006,0.97206721,8.0155706,8.245901639,1.47,12.82,8.72,9.19,20.08961714,66.13,62.52395164,82.61356878,75.31557264,-17.7650421,-22.24750456,-19.91201863,16.18053464,0.907238236,8.310711867,43.75,292.6719414,1.002683739,0.44270911,25.80881559,0.016864129,0.262582057,20.79722704,1533.078195,69.4331109,64.218,Wooliver_ITS_2E4_Beever240927_S289,347,4.460043636,0.971380882,34.94167785,0.76248863,6 mo,Wooliver_16S_2E4_Beever240927_S125,10491,6.944284252,0.992704476,137.0703417,0.750062591
72,19,72,Ambient,Wheat,R1,G-00,T1,97.9475968,19.90110785,80.09889215,0.094,1.64,0.183230975,3.196795728,17.44680851,0.13,1.113,1.019914219,8.732034813,8.561538462,1.62,15.39,9.5,11.31,20.77190206,62.96,56.73836786,77.51026992,74.26822183,-22.4625998,-25.05062689,-22.85971239,NA,NA,NA,52.92,900.5775405,NA,NA,NA,NA,0.267628205,21.1125158,30.18135623,NA,140.401,Wooliver_ITS_1E1_Beever240927_S169,377,4.719821867,0.980833452,52.17423731,0.795621509,24 hr,Wooliver_16S_1E1_Beever240927_S5,12240,7.692526577,0.99589566,243.6445088,0.817270177
74,20,74,Ambient,Wheat,R1,G-00,T90,97.36613651,18.58084539,81.41915461,0.089,2.245,0.161013917,4.061530815,25.2247191,0.125,1.04,0.990933565,8.244567263,8.32,1.5,12.94,8.63,10.73,31.3874097,66.06,63.71381192,95.10122162,76.79649879,-22.44267342,-23.55341365,-23.75597808,NA,NA,NA,33.32,594.3102034,NA,NA,NA,NA,0.26450116,20.91743119,1437.735524,NA,71.222,Wooliver_ITS_1E6_Beever240927_S209,380,4.560853187,0.976507404,42.566602,0.767798266,6 mo,Wooliver_16S_1E6_Beever240927_S45,10612,7.102187669,0.993565013,155.4004591,0.766168967
75,21,75,Drought,Clover,R1,G-50,T1,98.54645722,18.58565852,81.41434148,0.112,1.742,0.20513369,3.190561497,15.55357143,0.18,1.366,1.444157086,10.95954766,7.588888889,1.92,15.43,8.04,10.68,20.67765066,75.22,71.02752858,91.70517925,85.90056122,-15.90875081,-19.27110034,-16.99842442,29.71648754,4.854499585,19.07871547,62.45,888.9173172,8.65895035,7.641751612,11.75516195,0.3939674,0.271217712,21.33526851,32.47252536,3.038394304,137.915,Wooliver_ITS_1F11_Beever240927_S250,285,4.073002016,0.960309737,25.19509633,0.720567857,24 hr,Wooliver_16S_1F11_Beever240927_S86,10145,7.73536117,0.99649197,285.0602969,0.838545511
76,22,76,Drought,Clover,R1,G-50,T90,97.45934426,18.97386384,81.02613616,0.065,1.482,0.120196721,2.740485246,22.8,0.122,0.936,0.963404,7.391361836,7.672131148,1.88,13.82,7.35,6.39,19.82984983,51.24,53.4830813,73.31293113,57.63833624,-18.04202592,-21.92426209,-20.86646131,18.33690694,1.107507206,6.153368035,53.62,694.7963397,1.141993891,1.384173387,26.83630644,0.049048542,0.255445545,20.34700315,1508.040485,-8.051894157,99.028,Wooliver_ITS_2F4_Beever240927_S290,213,3.737730179,0.946912598,18.83686083,0.697169649,6 mo,Wooliver_16S_2F4_Beever240927_S126,9715,7.284742522,0.994046706,167.9742258,0.793421657
77,23,77,Drought,Clover,R1,G-00,T1,98.14414716,20.31003472,79.68996528,0.144,2.111,0.287036789,4.207879599,14.65972222,0.124,1.014,0.969816856,7.93059913,8.177419355,1.88,15.09,8.03,15.27,27.88521934,51.59,52.5553289,80.44054824,66.85391731,-23.04752373,-24.91381349,-23.45193312,NA,NA,NA,64.65,1047.830227,NA,NA,NA,NA,0.268488746,21.16603295,17.6789691,NA,142.896,Wooliver_ITS_1F1_Beever240927_S170,307,4.2222327,0.965009973,28.57957187,0.737269941,24 hr,Wooliver_16S_1F1_Beever240927_S6,12003,7.714432791,0.99561829,228.2214226,0.821303646
78,24,78,Drought,Clover,R1,G-00,T90,98.15525266,18.9669129,81.0330871,0.106,1.74,0.197340426,3.239361702,16.41509434,0.153,1.077,1.21693494,8.56626752,7.039215686,1.9,13.72,7.22,10.39,23.61050803,64.05,62.43635219,86.04686022,74.43554556,-22.96015383,-23.42241117,-23.95310525,NA,NA,NA,40.7,623.4426178,NA,NA,NA,NA,0.267368421,21.09634551,1488.981268,NA,91.98,Wooliver_ITS_1F6_Beever240927_S210,231,3.698908831,0.942346211,17.34491382,0.67964442,6 mo,Wooliver_16S_1F6_Beever240927_S46,12905,7.404013571,0.994391536,178.3019222,0.782221243
79,25,79,Drought,No residue,R1,G-50,T1,97.73675386,18.80247452,81.19752548,0.066,1.183,0.121287726,2.17399061,17.92424242,0.115,1.019,0.912637995,8.086766231,8.860869565,1.2,11.82,9.85,10.11,18.39247555,76.05,68.41595796,86.80843351,86.16047675,-14.7089215,-16.53375026,-14.93249518,21.21136209,3.620817195,15.43244138,29.96,233.1298058,3.664148248,4.29277973,12.91502583,0.249467006,0.257918552,20.50359712,20.45381717,-0.711354467,77.335,Wooliver_ITS_1G11_Beever240927_S251,470,5.548711799,0.993437703,152.3856767,0.901828842,24 hr,Wooliver_16S_1G11_Beever240927_S87,17530,9.253579903,0.999819177,5530.255104,0.946980493
80,26,80,Drought,No residue,R1,G-50,T90,97.76523179,17.67987238,82.32012762,0.046,0.953,0.079509934,1.647238411,20.7173913,0.089,0.812,0.716276126,6.535013642,9.123595506,1.11,10.6,9.55,7.16,15.53998501,64.53,61.6510721,77.1910571,71.6924378,-14.71821151,-19.47300547,-16.77612752,20.05080657,1.638596076,10.09153673,26.07,531.9970714,0.927953412,1.312462251,24.65365168,0.050545193,0.250980392,20.06269592,939.2785155,-12.82239957,53.461,Wooliver_ITS_2G4_Beever240927_S291,361,5.339016489,0.991661012,119.9186272,0.906627124,6 mo,Wooliver_16S_2G4_Beever240927_S127,13385,9.002001646,0.999776225,4468.766929,0.947390644
81,27,81,Drought,No residue,R1,G-00,T1,98.14786382,18.56820756,81.43179244,0.097,1.655,0.176775701,3.016121495,17.06185567,0.099,0.921,0.791243291,7.360960314,9.303030303,1.25,12.46,9.97,14.14,24.20643255,63.3,59.07672804,83.28316059,77.44151936,-21.35774914,-22.70681787,-22.00428785,NA,NA,NA,29.26,659.0442358,NA,NA,NA,NA,0.253493014,20.22292994,8.250145804,NA,71.101,Wooliver_ITS_1G1_Beever240927_S171,493,5.711814242,0.995133538,205.4880868,0.92118471,24 hr,Wooliver_16S_1G1_Beever240927_S7,20250,9.387566192,0.99983033,5893.78668,0.94671756
82,28,82,Drought,No residue,R1,G-00,T90,97.51514154,18.02525561,81.97474439,0.069,1.307,0.121283739,2.297360105,18.94202899,0.098,0.881,0.783390323,7.042519124,8.989795918,1.1,10.47,9.52,11.03,21.94231237,71.22,67.26379297,89.20610535,82.24309653,-21.72732827,-23.16040923,-22.49932316,NA,NA,NA,21.24,403.2341726,NA,NA,NA,NA,0.25498008,20.31746032,927.1944261,NA,69.992,Wooliver_ITS_1G6_Beever240927_S211,451,5.623948552,0.994596265,185.057174,0.920228848,6 mo,Wooliver_16S_1G6_Beever240927_S47,19958,9.327459703,0.999805801,5149.345733,0.942035824
83,29,83,Drought,Five-species mix,R1,G-50,T1,97.13120805,18.72510373,81.27489627,0.122,2.236,0.221892617,4.066818792,18.32786885,0.168,1.294,1.326247248,10.21526154,7.702380952,2.02,16.98,8.41,10.98,23.95064071,65.66,60.1605509,84.11119161,76.64058741,-17.10858113,-16.30708178,-17.26298423,29.58294829,9.289465056,15.42459217,52.74,488.9522513,6.92926096,5.064660828,11.29254011,0.30962882,0.275193798,21.58054711,45.37107153,15.40901644,147.424,Wooliver_ITS_1H11_Beever240927_S252,245,3.889248642,0.951604608,20.66312423,0.706974385,24 hr,Wooliver_16S_1H11_Beever240927_S88,10106,7.429716706,0.995331387,214.1963781,0.805748802
85,30,85,Drought,Five-species mix,R1,G-50,T90,97.28045603,18.68401579,81.31598421,0.095,1.719,0.17267101,3.124436482,18.09473684,0.153,1.095,1.210299772,8.661949349,7.156862745,1.82,13.68,7.52,9.49,22.83944797,66.5,63.31834319,86.15779116,75.98740559,-17.97277917,-22.37343452,-20.52562638,16.00878804,1.435902022,8.773177132,32.2,800.6680449,0.894394408,1.566219002,27.38128437,0.054105495,0.256997455,20.44534413,1508.517278,-77.22838681,89,Wooliver_ITS_2H4_Beever240927_S292,199,3.576169085,0.9340412,15.1609793,0.675602332,6 mo,Wooliver_16S_2H4_Beever240927_S128,8597,6.888624804,0.992910745,141.058544,0.760403644
86,31,86,Drought,Five-species mix,R1,G-00,T1,97.94210174,20.29721409,79.70278591,0.147,2.14,0.292228916,4.254216867,14.55782313,0.133,1.091,1.038232363,8.516627878,8.203007519,1.95,16.02,8.22,14.99,26.55566085,53.24,53.16247115,79.718132,68.22878351,-23.56745345,-24.77800224,-22.85971239,NA,NA,NA,48.54,927.4294462,NA,NA,NA,NA,0.268431002,21.16244411,18.66951498,NA,142.712,Wooliver_ITS_1H1_Beever240927_S172,269,3.926897705,0.952504476,21.05461559,0.7018946,24 hr,Wooliver_16S_1H1_Beever240927_S8,11508,7.510287111,0.99498282,199.3151341,0.803170738
87,32,87,Drought,Five-species mix,R1,G-00,T90,97.417,19.43534838,80.56465162,0.08,1.394,0.151466667,2.639306667,17.425,0.147,1.055,1.1537099,8.280026833,7.176870748,1.85,13.98,7.56,8.19,18.87916071,62.36,59.22765975,78.10682046,70.55008468,-22.30966428,-24.07741955,-24.28121311,NA,NA,NA,50.11,677.4122604,NA,NA,NA,NA,0.2675,21.10453649,1558.099225,NA,88.411,Wooliver_ITS_1H6_Beever240927_S212,184,3.576470767,0.936683946,15.79378262,0.685813006,6 mo,Wooliver_16S_1H6_Beever240927_S48,8890,6.836922332,0.992174446,127.7864789,0.751914791
88,33,88,Drought,Wheat-clover mix,R1,G-50,T1,97.9379611,19.51713913,80.48286087,0.118,1.797,0.22555332,3.434909457,15.22881356,0.176,1.391,1.387289604,10.96431727,7.903409091,1.78,15.52,8.72,12.67,22.13214856,77.94,70.64637416,92.77852273,90.60915305,-15.7824531,-21.52526744,-16.3293988,29.60382251,2.822517577,20.09443304,64.42,831.2081214,9.143459864,6.33489259,11.83029422,0.348738092,0.279461279,21.84210526,41.2927517,1.663360264,156.281,Wooliver_ITS_1A12_Beever240927_S253,318,4.090994026,0.95653738,23.00827704,0.709989161,24 hr,Wooliver_16S_1A12_Beever240927_S89,8821,7.368424309,0.994771832,191.2715984,0.811063633
89,34,89,Drought,Wheat-clover mix,R1,G-50,T90,97.82163009,19.61217878,80.38782122,0.107,1.972,0.205278997,3.783272727,18.42990654,0.099,0.854,0.778503103,6.715572226,8.626262626,1.6,13.19,8.24,12.83,28.68288648,48.66,50.91411847,79.59700495,61.48638127,-16.86484068,-17.40793743,-20.04845748,18.4527922,5.537296845,8.380899637,43.15,482.1624592,1.617118179,0.485525344,27.12194508,0.017586738,0.258333333,20.52980132,1650.933883,30.35352883,96.469,Wooliver_ITS_2A5_Beever240927_S293,252,3.655030364,0.931571382,14.61376886,0.661014059,6 mo,Wooliver_16S_2A5_Beever240927_S129,6443,6.774293152,0.992566032,134.5176591,0.772373343
90,35,90,Drought,Wheat-clover mix,R1,G-00,T1,97.74431818,19.69560713,80.30439287,0.139,2.105,0.267593583,4.052406417,15.14388489,0.12,1.034,0.941915775,8.116174265,8.616666667,1.74,15.26,8.77,15.38,26.55574323,54.13,53.18593883,79.74168206,69.51203209,-22.85254809,-24.5724046,-23.12292126,NA,NA,NA,44.85,813.0127253,NA,NA,NA,NA,0.261484099,20.72829132,27.79909721,NA,144.963,Wooliver_ITS_1A2_Beever240927_S173,329,4.009137759,0.951908547,20.79371565,0.691700796,24 hr,Wooliver_16S_1A2_Beever240927_S9,11598,7.481511631,0.994358897,177.2702957,0.7994274
91,36,91,Drought,Wheat-clover mix,R1,G-00,T90,97.45266272,18.55281311,81.44718689,0.045,1.151,0.081360947,2.081032216,25.57777778,0.154,1.161,1.222335766,9.215141716,7.538961039,1.62,13.02,8.04,5.02,15.98335035,75.45,70.7768181,86.76016845,80.47510572,-22.04916697,-22.83290353,-24.67642647,NA,NA,NA,57.57,737.9074504,NA,NA,NA,NA,0.269230769,21.21212121,1593.29304,NA,91.652,Wooliver_ITS_1A7_Beever240927_S213,256,3.695261011,0.936273764,15.69212411,0.666391842,6 mo,Wooliver_16S_1A7_Beever240927_S49,9673,6.907293431,0.99244918,132.4359523,0.752666759
92,37,92,Drought,Wheat,R1,G-50,T1,97.72760943,19.22473997,80.77526003,0.096,1.593,0.180363636,2.992909091,16.59375,0.152,1.313,1.199883906,10.36478663,8.638157895,1.54,15.25,9.9,11.71,19.62563338,77.91,67.96581399,87.59144737,89.62646377,-16.66653812,-19.26731732,-16.79473483,25.45137707,1.220685285,18.061862,46.72,809.6033816,11.64952037,8.472302258,11.82962635,0.417315144,0.270058708,21.26348228,49.38619166,-5.123118103,140.211,Wooliver_ITS_1B12_Beever240927_S254,453,4.831874567,0.981662029,54.53166038,0.790052288,24 hr,Wooliver_16S_1B12_Beever240927_S90,10030,7.567853171,0.99580956,238.6384127,0.821402071
93,38,93,Drought,Wheat,R1,G-50,T90,97.58971903,19.30306133,80.69693867,0.078,1.522,0.146934866,2.867113665,19.51282051,0.152,1.165,1.197029119,9.17459818,7.664473684,1.48,12.99,8.78,9.93,22.07169873,80.88,70.62816151,92.69986024,90.80837734,-18.87298059,-20.69485888,-18.82134685,10.90244083,2.058890601,14.15686288,44.54,839.7381812,1.260946915,0.489652129,28.69383097,0.016778399,0.270588235,21.2962963,1973.207288,144.1304557,76.813,Wooliver_ITS_2B5_Beever240927_S294,356,4.514717846,0.973687977,38.00544023,0.768471673,6 mo,Wooliver_16S_2B5_Beever240927_S130,10303,7.086668572,0.993553939,155.1334997,0.76693967
94,39,94,Drought,Wheat,R1,G-00,T1,97.74582498,20.2288733,79.7711267,0.126,1.999,0.249138277,3.95259853,15.86507937,0.111,0.994,0.865499699,7.750510822,8.954954955,1.64,15.94,9.72,15.19,24.79672855,52.77,48.62302899,73.41975754,67.96573024,-22.85254809,-20.77821913,-23.2545252,NA,NA,NA,49.68,386.1624344,NA,NA,NA,NA,0.267741935,21.11959288,42.67968341,NA,145.775,Wooliver_ITS_1B2_Beever240927_S174,440,4.774593716,0.980001849,50.0046235,0.784420967,24 hr,Wooliver_16S_1B2_Beever240927_S10,13029,7.644732539,0.995478049,221.1435006,0.806837642
96,40,96,Drought,Wheat,R1,G-00,T90,97.61858761,18.83631177,81.16368823,0.05,0.99,0.091938708,1.820386409,19.8,0.141,1.18,1.11715493,9.34923984,8.368794326,1.56,13.92,8.92,5.89,13.07748857,71.61,67.16407931,80.24156788,77.50600241,-21.98313449,-23.35691144,-24.54333839,NA,NA,NA,46.77,612.3981329,NA,NA,NA,NA,0.270833333,21.31147541,1800.316826,NA,87.022,Wooliver_ITS_1B7_Beever240927_S214,421,4.749713352,0.980462008,51.18233273,0.786033751,6 mo,Wooliver_16S_1B7_Beever240927_S50,13235,7.445594535,0.994642863,186.666874,0.784521395
97,41,97,Ambient,Clover,R2,G-50,T1,96.80421687,19.01462743,80.98537257,0.104,1.69,0.191432396,3.110776439,16.25,0.158,1.253,1.23867664,9.823176138,7.930379747,1.91,15.44,8.08,10.02,20.1475158,64.85,63.62160711,83.76912291,74.87481865,-16.5402404,-20.81783481,-15.59460459,26.5648446,2.515317189,21.34227116,53.41,652.289129,4.847242369,3.967152754,13.30129231,0.22973422,0.274914089,21.56334232,31.03895439,0.935960836,134.299,Wooliver_ITS_1C12_Beever240927_S255,262,4.070955353,0.964202209,27.9346842,0.731088989,24 hr,Wooliver_16S_1C12_Beever240927_S91,8329,7.449696155,0.995510738,222.7537621,0.825222625
98,42,98,Ambient,Clover,R2,G-50,T90,97.19403464,19.53466578,80.46533422,0.079,1.567,0.149993586,2.975189224,19.83544304,0.143,1.023,1.118367319,8.000627742,7.153846154,1.88,14.01,7.45,7.98,21.2361829,59.49,57.10655062,78.34273352,67.46600555,-19.14996441,-22.43445148,-20.73012734,11.44169517,2.211192005,11.49715123,54.7,782.923533,2.034806462,1.365522103,28.07012483,0.046390083,0.259445844,20.6,1361.034315,46.44887417,87.234,Wooliver_ITS_2C5_Beever240927_S295,213,3.665704886,0.941995823,17.24013783,0.683735333,6 mo,Wooliver_16S_2C5_Beever240927_S131,12548,7.394086079,0.994640756,186.5934963,0.783494548
99,43,99,Ambient,Clover,R2,G-00,T1,97.61381842,19.49044455,80.50955545,0.135,2.082,0.256842457,3.961081442,15.42222222,0.141,1.1,1.108097163,8.64472964,7.80141844,1.96,15.39,7.85,13.1,25.73802107,56.54,56.17108278,81.90910384,69.6397765,-22.9175393,-23.81565765,-23.64933902,NA,NA,NA,61.17,229.8013613,NA,NA,NA,NA,0.259825328,20.62391681,16.80170125,NA,121.534,Wooliver_ITS_1C2_Beever240927_S175,284,4.041902317,0.959329263,24.58770279,0.715510843,24 hr,Wooliver_16S_1C2_Beever240927_S11,10610,7.553604168,0.995512142,222.8234343,0.814883392
100,44,100,Ambient,Clover,R2,G-00,T90,96.9685222,19.47712463,80.52287537,0.092,1.638,0.173757455,3.093638171,17.80434783,0.153,1.047,1.194652187,8.175168887,6.843137255,1.82,13.1,7.2,9.55,23.61555856,65.64,62.40586936,86.02142792,75.18734298,-22.17647494,-25.19093207,-26.06115755,NA,NA,NA,62.31,813.264241,NA,NA,NA,NA,0.266365688,21.03386809,1286.236835,NA,81.755,Wooliver_ITS_1C7_Beever240927_S215,225,3.766626602,0.95099121,20.40450296,0.695449922,6 mo,Wooliver_16S_1C7_Beever240927_S51,9613,7.111438192,0.993345347,150.2707898,0.775437546
101,45,101,Ambient,No residue,R2,G-50,T1,97.20020121,18.56126079,81.43873921,0.06,1.159,0.108249497,2.09101945,19.31666667,0.109,0.978,0.86282894,7.741712877,8.972477064,1.2,11.71,9.76,9.02,17.85669898,71.9,66.11198016,83.96867914,80.92320311,-12.5618573,-17.71356096,-13.46179577,28.20969759,2.392690743,18.94351583,27.77,710.4867347,5.004041324,8.571530639,14.6870287,0.368532312,0.259825328,20.62391681,21.19121375,-1.073369989,67.457,Wooliver_ITS_1D12_Beever240927_S256,571,5.816044894,0.995274768,211.6298337,0.916289312,24 hr,Wooliver_16S_1D12_Beever240927_S92,17837,9.309050273,0.999836024,6098.455324,0.950967568
102,46,102,Ambient,No residue,R2,G-50,T90,97.42417369,17.96102458,82.03897542,0.068,1.321,0.118988983,2.311535969,19.42647059,0.111,0.93,0.887176312,7.433098833,8.378378378,1.15,10.92,9.5,10.35,21.1679118,77.15,68.06867064,89.23658244,87.49263434,-17.5573029,-18.95176541,-14.39007327,11.12697528,2.093937734,19.81984821,32.84,449.0717813,1.346003473,0.537360273,25.75485518,0.020437999,0.249433107,19.96370236,849.1572503,19.96422557,83.076,Wooliver_ITS_2D5_Beever240927_S296,423,5.162745419,0.984430654,64.22877515,0.853717163,6 mo,Wooliver_16S_2D5_Beever240927_S132,14314,8.961718091,0.999724142,3625.048951,0.936537184
103,47,103,Ambient,No residue,R2,G-00,T1,97.80823293,18.61413648,81.38586352,0.089,1.488,0.162034806,2.709076305,16.71910112,0.097,0.915,0.772140127,7.283589859,9.432989691,1.23,11.96,9.72,13.17,22.65113968,62.78,60.89958076,83.55072044,75.94918155,-21.48773157,-21.95381967,-22.53070357,NA,NA,NA,29.47,312.9278654,NA,NA,NA,NA,0.265578635,20.98475967,7.577555032,NA,75.126,Wooliver_ITS_1D2_Beever240927_S176,689,6.071376954,0.99652353,287.6480822,0.929021088,24 hr,Wooliver_16S_1D2_Beever240927_S12,21135,9.460974073,0.999850153,6673.485322,0.950022357
104,48,104,Ambient,No residue,R2,G-00,T90,97.63121272,18.19101242,81.80898758,0.047,0.829,0.083472498,1.47231279,17.63829787,0.096,0.846,0.766762624,6.757095626,8.8125,1.1,10.19,9.26,7.59,14.44860442,69.71,66.31104638,80.7596508,77.29410205,-21.33255124,-22.30889865,-24.27711745,NA,NA,NA,26.03,419.9260951,NA,NA,NA,NA,0.25,20,803.2252437,NA,54.339,Wooliver_ITS_1D7_Beever240927_S216,512,5.627516506,0.993477638,153.3186939,0.902087795,6 mo,Wooliver_16S_1D7_Beever240927_S52,20849,9.407857593,0.999837569,6156.466097,0.94598287
105,49,105,Ambient,Five-species mix,R2,G-50,T1,97.48030708,19.51713913,80.48286087,0.107,1.716,0.203571429,3.264753004,16.03738318,0.166,1.258,1.302352003,9.869631442,7.578313253,1.9,15.73,8.28,10.71,20.75494599,68.54,62.74400154,83.49894753,79.25912796,-16.98228341,-21.09814878,-17.32438173,28.76681954,3.123858481,17.36282008,64.11,281.2879105,7.328059528,4.055790702,14.04270022,0.224095518,0.274463007,21.53558052,32.45120224,0.961999111,133.118,Wooliver_ITS_1E12_Beever240927_S257,204,3.669052974,0.943478708,17.69244766,0.689915417,24 hr,Wooliver_16S_1E12_Beever240927_S93,8918,7.319455343,0.995041907,201.6904442,0.804704768
107,50,107,Ambient,Five-species mix,R2,G-50,T90,97.19762972,20.10209227,79.89790773,0.067,1.234,0.130909673,2.411082639,18.41791045,0.144,1.01,1.118287764,7.843546124,7.013888889,1.85,13.92,7.52,7.08,17.32099597,60.45,56.34731411,73.66831008,67.52418581,-19.42694824,-21.78770443,-19.63935069,10.56260923,1.063202553,9.668526635,40.12,667.3296769,2.162947654,1.256591143,27.94054915,0.043038158,0.259887006,20.62780269,1296.556269,82.62428062,72.781,Wooliver_ITS_2E5_Beever240927_S297,162,3.310835277,0.920511128,12.58037723,0.65076611,6 mo,Wooliver_16S_2E5_Beever240927_S133,8528,6.755792969,0.992630137,135.687726,0.746404901
108,51,108,Ambient,Five-species mix,R2,G-00,T1,98.07468185,17.96135236,82.03864764,0.123,1.952,0.216671132,3.438553248,15.8699187,0.124,0.992,0.997693369,7.981546952,8,1.94,15.54,8.01,11.17,22.12711228,51.43,51.361306,73.48841828,62.5961083,-23.7624271,-24.64644881,-23.84674491,NA,NA,NA,47.57,1299.33447,NA,NA,NA,NA,0.266536965,21.04454685,17.44650291,NA,117.958,Wooliver_ITS_1E2_Beever240927_S177,238,3.640994106,0.936802783,15.82348156,0.665353438,24 hr,Wooliver_16S_1E2_Beever240927_S13,9829,7.198205898,0.993861393,162.9034002,0.783001576
109,52,109,Ambient,Five-species mix,R2,G-00,T90,97.83145695,18.9540736,81.0459264,0.13,2.234,0.241059603,4.142516556,17.18461538,0.132,0.955,1.04660702,7.572043212,7.234848485,1.92,14.3,7.45,12.56,28.96864725,54.51,52.95135113,81.91999838,67.06596992,-22.23903853,-23.42241117,-24.20998039,NA,NA,NA,71.11,700.1510954,NA,NA,NA,NA,0.266055046,21.01449275,1185.683988,NA,75.462,Wooliver_ITS_1E7_Beever240927_S217,182,3.454354835,0.927369755,13.76836873,0.663787547,6 mo,Wooliver_16S_1E7_Beever240927_S53,7876,6.706950341,0.992164789,127.6289857,0.747577768
110,53,110,Ambient,Wheat-clover mix,R2,G-50,T1,97.07782231,19.61114877,80.38885123,0.117,1.879,0.222745491,3.577254509,16.05982906,0.151,1.218,1.178400167,9.505241082,8.066225166,1.73,15.15,8.76,12.88,23.61224098,68.12,62.74086523,86.35310621,80.9910785,-16.5402404,-21.1672978,-15.79144568,26.86139918,2.958270251,19.97847346,59.81,1069.820503,6.280686348,9.313831114,12.41026138,0.428732805,0.278455285,21.78060413,33.76818049,1.249272152,141.329,Wooliver_ITS_1F12_Beever240927_S258,269,3.83806778,0.946126715,18.56207594,0.686017119,24 hr,Wooliver_16S_1F12_Beever240927_S94,10338,7.598780404,0.995831572,239.898585,0.822060176
111,54,111,Ambient,Wheat-clover mix,R2,G-50,T90,97.63545689,18.19074579,81.80925421,0.061,1.185,0.108339768,2.104633205,19.42622951,0.115,0.91,0.91856065,7.26861036,7.913043478,1.67,13.49,8.08,6.49,15.60143221,55,53.88147043,69.48290263,61.49104301,-21.84893919,-22.10879633,-19.91201863,-8.318189858,0.559892589,9.844713453,55.51,906.7762114,1.960315144,0.877332496,27.56354559,0.030847588,0.269521411,21.23015873,1360.147003,-45.77391249,81.144,Wooliver_ITS_2F5_Beever240927_S298,204,3.436118704,0.924224552,13.19688661,0.646115302,6 mo,Wooliver_16S_2F5_Beever240927_S134,11065,7.129811358,0.993627143,156.9154866,0.765696075
112,55,112,Ambient,Wheat-clover mix,R2,G-00,T1,97.94622578,18.75526426,81.24473574,0.143,2.161,0.262692051,3.969772879,15.11188811,0.136,1.121,1.082235671,8.920486673,8.242647059,1.78,15.27,8.58,14.76,25.99720288,60.8,58.41838031,84.41558319,75.5577372,-23.11251395,-24.23362836,-23.58353604,NA,NA,NA,67,464.2972573,NA,NA,NA,NA,0.229998589,18.69909372,20.10864696,NA,146.722,Wooliver_ITS_1F2_Beever240927_S178,284,3.822512911,0.945194093,18.24620843,0.676673808,24 hr,Wooliver_16S_1F2_Beever240927_S14,13686,7.584949355,0.994803847,192.4500612,0.796392993
113,56,113,Ambient,Wheat-clover mix,R2,G-00,T90,97.3427753,18.44035167,81.55964833,0.074,1.405,0.132832591,2.522024188,18.98648649,0.186,1.349,1.476699109,10.71003816,7.252688172,1.66,13.24,7.98,8,19.04852106,88.96,80.89152689,99.94004795,96.95974094,-19.56544068,-23.09490749,-24.9350374,NA,NA,NA,69.63,469.4717592,NA,NA,NA,NA,0.257211538,20.45889101,1378.236047,NA,85.546,Wooliver_ITS_1F7_Beever240927_S218,218,3.56752873,0.935179453,15.42720713,0.662555855,6 mo,Wooliver_16S_1F7_Beever240927_S54,10458,7.026623216,0.993040407,143.6865543,0.7592145
114,57,114,Ambient,Wheat,R2,G-50,T1,96.99899396,18.94548333,81.05451667,0.115,1.869,0.211334675,3.434647887,16.25217391,0.149,1.216,1.171468779,9.560443192,8.161073826,1.64,15.45,9.42,12.89,22.23073066,71.43,61.87989121,84.11062188,84.31728378,-15.7824531,-18.83861941,-15.79039317,30.55177385,3.913028191,19.58918245,84.49,628.2049816,12.14798644,6.968504901,12.36118631,0.360507823,0.283446712,22.08480565,39.06792779,2.997486544,126.152,Wooliver_ITS_1G12_Beever240927_S259,402,4.621201043,0.977203836,43.86702875,0.770655877,24 hr,Wooliver_16S_1G12_Beever240927_S95,8966,7.456175469,0.994996502,199.8601861,0.819252365
115,58,115,Ambient,Wheat,R2,G-50,T90,97.44257426,19.50882469,80.49117531,0.063,1.323,0.119762376,2.515009901,21,0.127,1.016,0.99609495,7.968759604,8,1.5,13.01,8.67,7.98,19.33135973,66.41,61.25103462,80.58239435,74.39048845,-18.94222521,-21.52758381,-19.16218178,12.02033892,0.174641364,13.11003393,56.56,582.5939107,1.235192927,0.608936988,27.40331824,0.021738235,0.267002519,21.07355865,1540.126458,66.00207096,67.182,Wooliver_ITS_2G5_Beever240927_S299,328,4.357779235,0.968924499,32.17968992,0.752247367,6 mo,Wooliver_16S_2G5_Beever240927_S135,13187,7.355373834,0.994539916,183.1473777,0.77531191
116,59,116,Ambient,Wheat,R2,G-00,T1,98.1453877,20.70485032,79.29514968,0.144,2.227,0.292620321,4.525454545,15.46527778,0.126,1.091,0.980589104,8.490656451,8.658730159,1.52,14.43,9.49,19.25,31.36143136,64.51,58.84030804,90.2017394,83.76377797,-23.11251395,-23.06165197,-23.38613115,NA,NA,NA,75.72,1121.47325,NA,NA,NA,NA,0.284013605,22.1192053,23.70925493,NA,126.393,Wooliver_ITS_1G2_Beever240927_S179,386,4.681121807,0.979559867,48.92336082,0.785972067,24 hr,Wooliver_16S_1G2_Beever240927_S15,12873,7.644569547,0.995588972,226.7045398,0.807847462
118,60,118,Ambient,Wheat,R2,G-00,T90,97.84146341,18.93205682,81.06794318,0.084,1.695,0.155596572,3.139716546,20.17857143,0.139,1.188,1.102521061,9.422985761,8.54676259,1.51,13.01,8.62,10.3,24.13310181,73.01,72.4287914,96.56189321,83.31904858,-22.36636607,-21.78489074,-25.26407679,NA,NA,NA,44.76,571.9860334,NA,NA,NA,NA,0.261386139,20.72213501,1446.508901,NA,76.633,Wooliver_ITS_1G7_Beever240927_S219,329,4.305970441,0.966206986,29.59191528,0.742913654,6 mo,Wooliver_16S_1G7_Beever240927_S55,11700,7.227874728,0.994096551,169.3924943,0.771603417
119,61,119,Drought,Clover,R2,G-50,T1,97.4083612,18.54070887,81.45929113,0.124,2.333,0.223946488,4.213444816,18.81451613,0.158,1.248,1.253700936,9.902650435,7.898734177,2.07,16.76,8.1,10.82,25.13988554,60.57,59.08502646,84.224912,71.38393356,-16.91913556,-20.67131251,-16.98841736,30.93593777,4.210307568,17.61648459,77.21,338.7151557,7.545675554,4.036516633,11.76145821,0.255508486,0.281553398,21.96969697,32.74002865,2.408946779,142.597,Wooliver_ITS_1H12_Beever240927_S260,248,4.183425828,0.969227542,32.49659182,0.758770272,24 hr,Wooliver_16S_1H12_Beever240927_S96,6676,7.402102151,0.995847602,240.8247053,0.840548671
120,62,120,Drought,Clover,R2,G-50,T90,97.31940789,18.59043911,81.40956089,0.08,1.639,0.144736842,2.965296053,20.4875,0.135,1,1.069568586,7.922730263,7.407407407,1.85,14.03,7.58,7.82,21.13539596,57.81,56.46992347,77.60531943,65.63813122,-19.49619499,-22.30007119,-20.11662446,10.86110535,0.950129987,12.40149524,47.1,946.243508,1.650801905,1.517157057,26.78577116,0.053604244,0.257756563,20.49335863,1616.337512,8.958349006,92.399,Wooliver_ITS_2H5_Beever240927_S300,242,3.648099633,0.941166409,16.9970927,0.664627623,6 mo,Wooliver_16S_2H5_Beever240927_S136,8901,7.289275551,0.994932426,197.3330768,0.801554932
121,63,121,Drought,Clover,R2,G-00,T1,97.00702341,20.06543677,79.93456323,0.127,1.85,0.247204013,3.601003344,14.56692913,0.138,1.105,1.070081538,8.568406522,8.007246377,1.96,15.35,7.83,12.61,23.45930518,54.6,55.82023793,79.2795431,67.20844652,-23.7624271,-24.37661975,-23.58353604,NA,NA,NA,83.68,1013.972523,NA,NA,NA,NA,0.268630849,21.17486339,18.56962366,NA,158.35,Wooliver_ITS_1H2_Beever240927_S180,308,4.203746772,0.965141296,28.68723977,0.733625405,24 hr,Wooliver_16S_1H2_Beever240927_S16,12403,7.742338592,0.995957135,247.3493419,0.821407832
122,64,122,Drought,Clover,R2,G-00,T90,97.42043941,19.20376148,80.79623852,0.103,1.739,0.192696405,3.253388815,16.88349515,0.138,1.03,1.086226298,8.107341212,7.463768116,1.85,13.97,7.55,10.42,23.28839524,58.71,58.03393852,81.32233376,69.13095692,-22.36518094,-23.48791292,-25.92330597,NA,NA,NA,50.71,618.0775168,NA,NA,NA,NA,0.254237288,20.27027027,1580.375503,NA,97.193,Wooliver_ITS_1H7_Beever240927_S220,244,3.772799219,0.948727458,19.50361674,0.686316857,6 mo,Wooliver_16S_1H7_Beever240927_S56,12257,7.526225948,0.995331498,214.2014808,0.799484161
123,65,123,Drought,No residue,R2,G-50,T1,97.5322364,18.45405938,81.54594062,0.078,1.341,0.140389523,2.413619879,17.19230769,0.112,1.026,0.890776091,8.160145265,9.160714286,1.17,11.81,10.09,12,20.43708619,76.13,69.09521816,89.53230436,88.13381321,-12.37241073,-13.47634385,-13.85663715,31.32711432,6.155877438,18.37529286,31.57,590.8387239,2.542778465,7.591300705,12.35376212,0.380610519,0.267932489,21.13144759,20.35291439,0.060372311,77.292,Wooliver_ITS_2A1_Beever240927_S261,477,5.732510129,0.995381171,216.5051143,0.929468148,24 hr,Wooliver_16S_2A1_Beever240927_S97,17843,9.313093037,0.99983701,6135.359382,0.951347872
124,66,124,Drought,No residue,R2,G-50,T90,97.88225484,18.1290914,81.8709086,0.051,1.066,0.090500334,1.891634423,20.90196078,0.107,0.921,0.857466878,7.380626117,8.607476636,1.17,10.95,9.36,7.74,17.27520021,73.29,67.40297824,84.67817845,81.02283859,-15.20293454,-19.71980869,-15.5490169,18.29006717,1.789157702,16.18111483,34.39,574.0137204,1.21458539,1.236160487,24.0305625,0.048924448,0.253363229,20.21466905,966.2652845,69.15799066,59.928,Wooliver_ITS_2A6_Beever240927_S301,448,5.553089066,0.992936864,141.5801664,0.909627706,6 mo,Wooliver_16S_2A6_Beever240927_S137,20188,9.375834204,0.999829152,5853.171033,0.945826903
125,67,125,Drought,No residue,R2,G-00,T1,97.94347826,20.62482286,79.37517714,0.093,1.507,0.187866221,3.044240803,16.20430108,0.097,0.918,0.754105251,7.1367899,9.463917526,1.18,11.91,10.09,15.92,25.56037618,63.91,59.92266918,85.48304536,79.82809081,-22.20263694,-22.92998991,-22.20169375,NA,NA,NA,32.31,682.2418742,NA,NA,NA,NA,0.259615385,20.61068702,7.938779964,NA,76.118,Wooliver_ITS_1A3_Beever240927_S181,586,5.900358194,0.995789114,237.4797073,0.925790387,24 hr,Wooliver_16S_1A3_Beever240927_S17,18636,9.317491022,0.999825894,5743.618171,0.947587991
126,68,126,Drought,No residue,R2,G-00,T90,97.45098684,18.49782786,81.50217214,0.05,0.95,0.090131579,1.7125,19,0.097,0.847,0.770419309,6.727269638,8.731958763,1.17,10.96,9.37,7.7,15.625,65.85,61.38019743,77.00519743,73.55135796,-21.39163049,-23.22590896,-23.67696636,NA,NA,NA,46.85,594.6184242,NA,NA,NA,NA,0.247165533,19.81818182,872.860585,NA,59.767,Wooliver_ITS_1A8_Beever240927_S221,453,5.608236722,0.994595589,185.0340496,0.916994055,6 mo,Wooliver_16S_1A8_Beever240927_S57,16181,9.156319443,0.999794065,4855.89107,0.944769291
127,69,127,Drought,Five-species mix,R2,G-50,T1,97.21142285,18.75959883,81.24040117,0.114,2.014,0.207895792,3.672825651,17.66666667,0.169,1.278,1.334676653,10.0929986,7.562130178,2,16.12,8.06,10.39,22.78427823,66.73,62.61165383,85.39593206,77.12862224,-16.8559857,-18.97640481,-16.52030747,31.15733038,4.12430047,18.87191253,69.62,1124.233484,8.640867394,8.597930091,11.35326322,0.430948162,0.275735294,21.61383285,32.83634975,-4.332949724,149.918,Wooliver_ITS_2B1_Beever240927_S262,245,3.769993591,0.94544898,18.33146278,0.685296608,24 hr,Wooliver_16S_2B1_Beever240927_S98,12481,7.635530084,0.995967077,247.9590992,0.809537768
129,70,129,Drought,Five-species mix,R2,G-50,T90,97.13335518,19.09253131,80.90746869,0.081,1.577,0.150216252,2.924580603,19.4691358,0.162,1.136,1.273127851,8.927612582,7.012345679,1.78,13.62,7.65,8.44,21.47269165,71.52,65.54781631,87.02050796,79.96315181,-19.84242663,-21.58841213,-19.29851576,12.35707797,1.446860831,13.87428482,39.34,971.8686811,1.771073687,1.136139918,26.79284686,0.040679597,0.267217631,21.08695652,1496.982007,-28.24357333,74.575,Wooliver_ITS_2B6_Beever240927_S302,208,3.321731593,0.914374497,11.6787635,0.622334032,6 mo,Wooliver_16S_2B6_Beever240927_S138,10021,7.025629933,0.993545469,154.9299339,0.762624378
130,71,130,Drought,Five-species mix,R2,G-00,T1,97.61222445,21.41994382,78.58005618,0.146,2.11,0.305263861,4.411690047,14.45205479,0.132,1.097,1.012489379,8.414400367,8.310606061,2.03,16.68,8.22,15.04,26.4489811,49.88,50.44604537,76.89502646,64.9139527,-24.02239196,-23.13889006,-23.45193312,NA,NA,NA,77.2,1027.392292,NA,NA,NA,NA,0.274956217,21.56593407,25.81603625,NA,157.026,Wooliver_ITS_1B3_Beever240927_S182,274,3.885308174,0.95193483,20.80508627,0.692182345,24 hr,Wooliver_16S_1B3_Beever240927_S18,11371,7.427359046,0.99468793,188.250523,0.795320804
131,72,131,Drought,Five-species mix,R2,G-00,T90,97.2351229,19.42451547,80.57548453,0.097,1.601,0.183208279,3.023880983,16.50515464,0.15,1.085,1.175215071,8.500722348,7.233333333,1.87,13.8,7.38,9.8,21.91218104,62.85,61.5994373,83.51161834,72.64295992,-23.20559972,-23.42241117,-25.06224108,NA,NA,NA,53.14,719.0191913,NA,NA,NA,NA,0.25498008,20.31746032,1498.224997,NA,83.287,Wooliver_ITS_1B8_Beever240927_S222,209,3.472490734,0.928618671,14.00926556,0.649995034,6 mo,Wooliver_16S_1B8_Beever240927_S58,10887,6.993087166,0.993350237,150.3813058,0.752323065
132,73,132,Drought,Wheat-clover mix,R2,G-50,T1,97.26543624,19.45827339,80.54172661,0.139,2.103,0.263073826,3.980174497,15.1294964,0.153,1.251,1.198590705,9.800241644,8.176470588,1.76,15.4,8.75,14.95,25.84528894,68.1,63.63793276,89.48322169,83.04912103,-16.66653812,-22.7133013,-17.98485903,27.58852114,3.642549483,15.14755252,54.94,463.4476114,9.481621186,4.844215808,11.45466705,0.297211524,0.286334056,22.25969646,41.86141786,12.93891943,150.007,Wooliver_ITS_2C1_Beever240927_S263,306,4.048014254,0.954947478,22.19631583,0.707251518,24 hr,Wooliver_16S_2C1_Beever240927_S99,17397,7.815605378,0.995719437,233.614125,0.800446836
133,74,133,Drought,Wheat-clover mix,R2,G-50,T90,97.47425033,18.05712069,81.94287931,0.083,1.626,0.146088657,2.861929596,19.59036145,0.124,0.987,0.990427771,7.883485561,7.959677419,1.72,14.1,8.2,8.49,20.29737302,57.58,55.91124511,76.20861813,66.07653649,-18.66524139,-21.78036511,-19.50301671,15.0484034,1.469842038,10.97354281,50.87,637.3301622,1.769042884,0.655410095,26.71089249,0.02394953,0.265363128,20.97130243,1561.756802,-34.55952476,80.034,Wooliver_ITS_2C6_Beever240927_S303,245,3.572184395,0.928778376,14.04067955,0.649339525,6 mo,Wooliver_16S_2C6_Beever240927_S139,9219,6.949281415,0.992964704,142.1404396,0.761229574
134,75,134,Drought,Wheat-clover mix,R2,G-00,T1,98.14414716,19.69664441,80.30335559,0.128,1.993,0.247438127,3.852688963,15.5703125,0.124,1.061,0.977281739,8.362063913,8.556451613,1.81,16,8.84,13.67,24.07930602,53.99,52.26289946,76.34220548,67.66408101,-23.30748759,-26.10841125,-23.71513997,NA,NA,NA,75.81,942.0809286,NA,NA,NA,NA,0.274542429,21.54046997,17.46783139,NA,148.239,Wooliver_ITS_1C3_Beever240927_S183,314,3.947452517,0.949550971,19.82198688,0.686585962,24 hr,Wooliver_16S_1C3_Beever240927_S19,13002,7.608598248,0.995235987,209.9070879,0.803199823
135,76,135,Drought,Wheat-clover mix,R2,G-00,T90,97.85278689,18.89757448,81.10242552,0.065,1.201,0.120196721,2.220865574,18.47692308,0.145,1.108,1.150734262,8.793196984,7.64137931,1.65,13.28,8.05,7.28,16.72338534,69.74,66.21383271,82.93721805,77.02612022,-22.62085022,-23.68441513,-24.66492238,NA,NA,NA,56.07,804.847121,NA,NA,NA,NA,0.266169154,21.021611,1569.539392,NA,96.759,Wooliver_ITS_1C8_Beever240927_S223,257,3.549010267,0.926909075,13.68158908,0.639567779,6 mo,Wooliver_16S_1C8_Beever240927_S59,12027,7.183034409,0.993387337,151.2249971,0.76456665
136,77,136,Drought,Wheat,R2,G-50,T1,97.40140845,19.14264368,80.85735632,0.138,2.175,0.257303823,4.055331992,15.76086957,0.135,1.173,1.063208753,9.238102716,8.688888889,1.6,15.63,9.77,16.08,25.94582209,66.45,59.1049438,85.05076589,82.53203597,-16.41394268,-19.6089927,-16.85161761,28.51853662,6.429158713,16.28412247,36.91,358.984829,6.504396001,3.558739579,11.5956273,0.234832613,0.284982935,22.17795485,49.48757905,0.907978155,126.588,Wooliver_ITS_2D1_Beever240927_S264,445,4.780782937,0.980792209,52.06220867,0.783982404,24 hr,Wooliver_16S_2D1_Beever240927_S100,11083,7.594080443,0.995831184,239.8762804,0.815413262
137,78,137,Drought,Wheat,R2,G-50,T90,97.28728362,18.88787378,81.11212622,0.069,1.302,0.126790945,2.392490013,18.86956522,0.161,1.252,1.270479727,9.879755393,7.776397516,1.47,13.01,8.85,8.63,18.38962347,86.43,75.93970325,94.32932672,95.0524267,-18.59599463,-21.06989552,-19.43484973,14.12376514,1.391517521,12.52439531,34.21,871.6795733,1.005385038,1.072941721,26.64534506,0.038708804,0.267699115,21.11692845,1688.360262,-216.7647749,82.255,Wooliver_ITS_2D6_Beever240927_S304,386,4.466771358,0.971518674,35.1107244,0.74998209,6 mo,Wooliver_16S_2D6_Beever240927_S140,9252,7.031419647,0.993366102,150.7409298,0.769925703
138,79,138,Drought,Wheat,R2,G-00,T1,97.809699,19.83238218,80.16761782,0.128,1.981,0.248294314,3.842742475,15.4765625,0.123,1.052,0.96446398,8.248911438,8.552845528,1.62,16.2,10,15.33,23.72063256,59.53,50.91920641,74.63983897,74.86162311,-23.17750516,-25.4893776,-23.38613115,NA,NA,NA,29.81,843.265342,NA,NA,NA,NA,0.275590551,21.60493827,36.9839736,NA,132.221,Wooliver_ITS_1D3_Beever240927_S184,429,4.826006667,0.981444225,53.89157757,0.796179323,24 hr,Wooliver_16S_1D3_Beever240927_S20,13300,7.575036692,0.995176771,207.3300067,0.797748542
140,80,140,Drought,Wheat,R2,G-00,T90,97.26262295,18.8099821,81.1900179,0.074,1.424,0.135383607,2.605219672,19.24324324,0.14,1.123,1.105545574,8.868054852,8.021428571,1.52,15.45,10.16,8.91,16.86226325,72.73,57.39841328,74.26067653,81.64007765,-22.61959713,-23.22590896,-24.1351977,NA,NA,NA,30.85,778.0121087,NA,NA,NA,NA,0.265350877,20.97053726,1878.364612,NA,78.753,Wooliver_ITS_1D8_Beever240927_S224,341,4.32161299,0.967084728,30.38103416,0.741032249,6 mo,Wooliver_16S_1D8_Beever240927_S60,10713,7.100581708,0.993291086,149.05541,0.765213766
141,81,141,Ambient,Clover,R3,G-50,T1,97.06802949,17.81454233,82.18545767,0.105,1.649,0.181568365,2.851487936,15.7047619,0.153,1.209,1.220569806,9.644894739,7.901960784,1.94,15.24,7.86,9.36,18.71055076,62.92,63.28671088,81.99726164,72.27516341,-17.17172999,-14.31809113,-16.45086431,29.49171283,7.107831056,18.72731223,54.27,1082.884031,3.843721398,9.497869948,9.148210742,0.509376212,0.267857143,21.12676056,29.94004394,5.361965395,129.889,Wooliver_ITS_2E1_Beever240927_S265,289,4.043460436,0.961210343,25.780068,0.713582061,24 hr,Wooliver_16S_2E1_Beever240927_S101,12072,7.724236768,0.996209625,263.8261401,0.821845871
142,82,142,Ambient,Clover,R3,G-50,T90,97.25361842,18.87360435,81.12639565,0.054,1.348,0.099118421,2.474289474,24.96296296,0.136,1.025,1.073017632,8.087081414,7.536764706,1.81,13.35,7.38,5.48,18.53400355,59.28,60.57738887,79.11139242,64.75889794,-17.4945704,-20.95689243,-18.43819211,16.34587133,2.678835146,12.78517556,34.14,645.6317085,1.573968825,1.577405323,22.23490373,0.066243274,0.264788732,20.93541203,1253.281879,-77.82725917,78.074,Wooliver_ITS_2E6_Beever240927_S305,241,3.773333889,0.950391612,20.15788146,0.687962369,6 mo,Wooliver_16S_2E6_Beever240927_S141,11168,7.352989905,0.994636582,186.4482638,0.788879037
143,83,143,Ambient,Clover,R3,G-00,T1,97.61381842,19.14850693,80.85149307,0.123,2.088,0.229906542,3.902803738,16.97560976,0.136,1.064,1.073342323,8.397325234,7.823529412,1.99,15.41,7.74,11.55,25.32643568,53.94,54.49270106,79.81913674,65.48989272,-24.34734803,-23.55905997,-23.64933902,NA,NA,NA,55.42,583.3401858,NA,NA,NA,NA,0.259380098,20.59585492,15.4298678,NA,120.699,Wooliver_ITS_1E3_Beever240927_S185,276,4.053750467,0.960868413,25.5548029,0.721256466,24 hr,Wooliver_16S_1E3_Beever240927_S21,12232,7.731970484,0.99616699,260.8915544,0.821517845
144,84,144,Ambient,Clover,R3,G-00,T90,96.70344599,18.84523267,81.15476733,0.041,0.939,0.074718357,1.711232604,22.90243902,0.106,0.808,0.83188224,6.341140093,7.622641509,1.88,13.53,7.2,3.97,12.64769109,44.25,46.86725863,59.51494972,48.22343598,-22.03189467,-24.97214562,-24.30029793,NA,NA,NA,41.77,616.9806718,NA,NA,NA,NA,0.261339093,20.71917808,1308.672483,NA,87.896,Wooliver_ITS_1E8_Beever240927_S225,195,3.684018819,0.945032206,18.19247099,0.698657145,6 mo,Wooliver_16S_1E8_Beever240927_S61,9761,7.19439492,0.993871819,163.1805677,0.783178461
145,85,145,Ambient,No residue,R3,G-50,T1,97.53719839,18.96574827,81.03425173,0.059,1.044,0.109142091,1.931260054,17.69491525,0.113,1.029,0.893135489,8.13306565,9.10619469,1.22,11.98,9.82,8.95,16.12070162,73.21,67.88869491,84.00939653,82.15390004,-12.81445374,-15.30401953,-13.18593429,31.39679316,3.655432705,20.07436798,18.57,595.770884,1.731355688,7.567185218,15.78021454,0.324112548,0.248772504,19.92136304,21.66994913,-2.092890046,68.789,Wooliver_ITS_2F1_Beever240927_S266,502,5.543946472,0.992392699,131.4526695,0.891510366,24 hr,Wooliver_16S_2F1_Beever240927_S102,20807,9.440458832,0.999844863,6445.913047,0.94945352
146,86,146,Ambient,No residue,R3,G-50,T90,97.77700922,18.05619654,81.94380346,0.042,1.317,0.074150198,2.32513834,31.35714286,0.08,0.743,0.640977602,5.95307948,9.2875,1.11,11.17,10.06,6.68,20.81592068,57.75,53.29525049,74.11117117,64.4259279,-14.76819766,-19.0681658,-12.61450173,18.20879489,2.688759581,17.16154001,18.57,692.1928673,0.771057443,1.028908271,27.17676524,0.03647877,0.257446809,20.47377327,948.6722597,-5.7279497,56.616,Wooliver_ITS_2F6_Beever240927_S306,434,5.555314061,0.99417894,171.790032,0.914749436,6 mo,Wooliver_16S_2F6_Beever240927_S142,16703,9.182166103,0.999798056,4951.862639,0.944342446
147,87,147,Ambient,No residue,R3,G-00,T1,97.9475968,18.60617275,81.39382725,0.081,1.359,0.147616822,2.476682243,16.77777778,0.108,0.991,0.861011615,7.900578805,9.175925926,1.24,12.02,9.69,11.9,20.60467756,69.44,65.72860903,86.33328659,81.34100306,-22.52759201,-22.31864759,-22.33329768,NA,NA,NA,24.92,549.5330898,NA,NA,NA,NA,0.256916996,20.44025157,7.982624631,NA,74.442,Wooliver_ITS_1F3_Beever240927_S186,463,5.649004308,0.994718286,189.332471,0.920373985,24 hr,Wooliver_16S_1F3_Beever240927_S22,21733,9.469909633,0.999846551,6516.84188,0.948262857
148,88,148,Ambient,No residue,R3,G-00,T90,97.6278244,18.44926947,81.55073053,0.07,2.432,0.126081343,4.380426081,34.74285714,0.127,1.049,1.011125791,8.3517398,8.25984252,1.14,10.84,9.51,11.06,40.4098347,88.7,77.04557011,117.4554048,99.75501172,-20.80709259,-23.35494594,-23.30102152,NA,NA,NA,17.61,451.5788206,NA,NA,NA,NA,0.250972763,20.0622084,927.0850159,NA,61.349,Wooliver_ITS_1F8_Beever240927_S226,382,5.438322697,0.99333273,149.986419,0.914707815,6 mo,Wooliver_16S_1F8_Beever240927_S62,18073,9.236393176,0.999793519,4843.071339,0.94228003
149,89,149,Ambient,Five-species mix,R3,G-50,T1,99.21015467,19.18312427,80.81687573,0.125,2.025,0.237895091,3.853900471,16.2,0.172,1.256,1.379071015,10.07042555,7.302325581,1.86,15.07,8.1,12.79,25.57332761,74.14,66.82432352,92.39765113,86.93366163,-15.7824531,-21.50948041,-17.38166151,33.75478493,5.071374581,17.38205396,52.46,775.71692,6.315233105,8.546051288,13.37489962,0.38985769,0.270325203,21.28,32.9599056,0.817098817,127.715,Wooliver_ITS_2G1_Beever240927_S267,239,3.692645037,0.937775394,16.07081296,0.67427547,24 hr,Wooliver_16S_2G1_Beever240927_S103,12139,7.490728785,0.995277528,211.7535152,0.79653195
151,90,151,Ambient,Five-species mix,R3,G-50,T90,97.01500639,18.89083794,81.10916206,0.046,1.471,0.084303959,2.695893997,31.97826087,0.139,1.051,1.093764017,8.270114974,7.561151079,1.91,14.24,7.46,4.41,18.93183987,57.27,58.0766501,77.00848997,61.67895161,-17.93668422,-22.90990353,-17.84730579,15.98818325,1.243639737,14.53600125,42.31,729.1357811,1.311856632,1.651914101,26.95579195,0.057743676,0.263297872,20.84210526,1215.11593,-106.5927895,73.41,Wooliver_ITS_2G6_Beever240927_S307,197,3.592020086,0.936042231,15.63531722,0.679894297,6 mo,Wooliver_16S_2G6_Beever240927_S143,7776,6.752561533,0.992681758,136.6448351,0.75373527
152,91,152,Ambient,Five-species mix,R3,G-00,T1,97.61381842,19.01173188,80.98826812,0.147,2.275,0.272803738,4.221962617,15.47619048,0.136,1.078,1.075158077,8.522208879,7.926470588,2,16.15,8.08,13.64,26.14218339,53.76,52.76909522,78.91127861,67.39809079,-24.08738217,-26.39160481,-23.78094295,NA,NA,NA,64.48,872.305896,NA,NA,NA,NA,0.275053305,21.57190635,18.76790717,NA,122.158,Wooliver_ITS_1G3_Beever240927_S187,260,3.795166952,0.947106226,18.90581661,0.682500313,24 hr,Wooliver_16S_1G3_Beever240927_S23,8112,7.106889533,0.993514555,154.1914133,0.789557915
153,92,153,Ambient,Five-species mix,R3,G-00,T90,97.14084967,18.97386384,81.02613616,0.064,1.181,0.117960784,2.176745098,18.453125,0.144,1.067,1.133416471,8.398301209,7.409722222,1.81,13.5,7.46,6.52,16.12403776,62.62,62.20963859,78.33367635,69.13686491,-22.09741691,-24.62058071,-24.36478614,NA,NA,NA,31.16,495.2220885,NA,NA,NA,NA,0.260416667,20.66115702,1294.459563,NA,82.631,Wooliver_ITS_1G8_Beever240927_S227,199,3.434185874,0.924983866,13.33046562,0.648779163,6 mo,Wooliver_16S_1G8_Beever240927_S63,7789,6.764112283,0.992583174,134.8285619,0.754883837
154,93,154,Ambient,Wheat-clover mix,R3,G-50,T1,96.8669571,19.02778402,80.97221598,0.094,1.64,0.173257373,3.022788204,17.44680851,0.136,1.156,1.066720375,9.06712319,8.5,1.8,15.47,8.59,9.63,19.53967811,59.26,58.61100963,78.15068774,68.88765267,-14.89836908,-19.74520863,-16.84772147,34.55159396,4.462097221,16.95612657,70.04,605.2684097,5.338587761,7.27165936,12.72458042,0.363651338,0.274122807,21.51462995,32.8287009,0.831800459,136.121,NA,NA,NA,NA,NA,NA,24 hr,Wooliver_16S_2H1_Beever240927_S104,9017,7.307260199,0.994917984,196.772312,0.802390134
155,94,155,Ambient,Wheat-clover mix,R3,G-50,T90,97.2843075,18.87340776,81.12659224,0.1,1.826,0.18360864,3.352693774,18.26,0.126,1.001,0.994435388,7.90023669,7.944444444,1.68,13.39,7.97,10.93,25.03878845,59.19,59.00102084,84.03980929,70.12166833,-17.19982823,-21.02123919,-17.84730579,17.69189036,4.206528777,12.32583458,25.58,621.577668,1.138055911,0.923935334,27.86044154,0.0320985,0.263403263,20.84870849,1341.128621,13.32816331,83.807,Wooliver_ITS_2H6_Beever240927_S308,218,3.545538033,0.937455149,15.98852629,0.658471777,6 mo,Wooliver_16S_2H6_Beever240927_S144,7522,6.926771951,0.993620432,156.7504333,0.776057831
156,95,156,Ambient,Wheat-clover mix,R3,G-00,T1,98.1490994,18.35167935,81.64832065,0.129,1.975,0.232354903,3.557371581,15.31007752,0.129,1.083,1.033768479,8.678846998,8.395348837,1.84,16.19,8.8,12.63,21.9726472,56.18,53.60621988,75.57886707,68.81105338,-23.17750516,-25.22012896,-23.78094295,NA,NA,NA,45.62,636.4265241,NA,NA,NA,NA,0.262681159,20.80344333,19.27232002,NA,148.803,Wooliver_ITS_1H3_Beever240927_S188,259,3.896418483,0.950346168,20.13943249,0.701194717,24 hr,Wooliver_16S_1H3_Beever240927_S24,11838,7.586408151,0.995321712,213.753408,0.808865716
157,96,157,Ambient,Wheat-clover mix,R3,G-00,T90,96.95075016,18.97386384,81.02613616,0.105,1.854,0.193150685,3.410489237,17.65714286,0.148,1.13,1.162620613,8.876765492,7.635135135,1.65,12.98,7.87,11.71,26.2749556,70.46,68.38802383,94.66297942,82.16795746,-22.09619798,-25.67527545,-23.63141729,NA,NA,NA,33.03,555.0092988,NA,NA,NA,NA,0.26119403,20.71005917,1299.904374,NA,80.115,Wooliver_ITS_1H8_Beever240927_S228,230,3.573808743,0.935238801,15.44134472,0.657182167,6 mo,Wooliver_16S_1H8_Beever240927_S64,8466,6.860876031,0.992164988,127.6322223,0.758626446
158,97,158,Ambient,Wheat,R3,G-50,T1,97.40488948,19.11631729,80.88368271,0.075,1.257,0.139651708,2.340562626,16.76,0.144,1.22,1.134499129,9.611728734,8.472222222,1.57,14.6,9.3,8.9,16.03125086,72.26,65.83375845,81.86500931,81.15610428,-15.52985867,-19.85494232,-17.17980612,31.65381299,2.647278542,16.77304482,48.54,662.4477111,5.048976968,7.105254742,12.2931735,0.36627992,0.279069767,21.81818182,40.28963397,0.935369866,152.5,Wooliver_ITS_2A2_Beever240927_S269,368,4.505777581,0.974455138,39.14681492,0.762646298,24 hr,Wooliver_16S_2A2_Beever240927_S105,8513,7.311281278,0.994545196,183.3246539,0.807934441
159,98,159,Ambient,Wheat,R3,G-50,T90,96.89719924,19.31345274,80.68654726,0.077,1.498,0.1440993,2.803386378,19.45454545,0.139,1.073,1.086743762,8.389036378,7.71942446,1.58,13.58,8.59,9.12,20.64349321,68.78,61.77493651,82.41842972,77.9014596,-17.64194205,-20.41324061,-17.08776174,14.82518325,3.976828767,13.00020367,30.55,371.842775,0.971881125,0.504263363,27.67364906,0.017895696,0.263513514,20.85561497,1515.755644,-63.75211203,69.818,Wooliver_ITS_2A7_Beever240927_S309,399,4.442425078,0.970968252,34.44504931,0.741768859,6 mo,Wooliver_16S_2A7_Beever240927_S145,5958,6.721408693,0.992340827,130.562397,0.773243178
160,99,160,Ambient,Wheat,R3,G-00,T1,97.81408545,19.31404431,80.68595569,0.139,2.161,0.262596796,4.08253004,15.54676259,0.117,1.021,0.923390087,8.057959646,8.726495726,1.59,15.2,9.56,16.52,26.85875026,58.07,53.01289241,79.87164267,74.59036997,-23.56745345,-24.04855833,-23.64933902,NA,NA,NA,29.54,971.9841046,NA,NA,NA,NA,0.265550239,20.98298677,27.0610906,NA,129.38,Wooliver_ITS_1A4_Beever240927_S189,413,4.599033397,0.975296119,40.47946903,0.763521775,24 hr,Wooliver_16S_1A4_Beever240927_S25,12977,7.706507624,0.995689746,232.0048631,0.813700925
3,100,3,Ambient,Wheat,R3,G-00,T90,97.56171201,18.84026921,81.15973079,0.085,1.589,0.156237558,2.920723291,18.69411765,0.106,0.932,0.839316722,7.379652687,8.79245283,1.55,13.47,8.69,10.08,21.68317217,54.15,54.78584029,76.46901246,64.22930839,-21.68707589,-25.67527545,-22.83163439,NA,NA,NA,29.75,541.4615399,NA,NA,NA,NA,0.268085106,21.1409396,1551.775962,NA,74.075,Wooliver_ITS_1A9_Beever240927_S229,379,4.587649577,0.977036655,43.54766285,0.772652059,6 mo,Wooliver_16S_1A9_Beever240927_S65,8083,6.89330492,0.99237978,131.2298029,0.76613402
4,101,4,Drought,Clover,R3,G-50,T1,97.6090301,19.46198574,80.53801426,0.141,2.03,0.267852843,3.85632107,14.39716312,0.18,1.336,1.415022742,10.50261324,7.422222222,2.08,16.54,7.95,12.88,23.31512134,68.03,63.49826629,86.81338763,80.90748006,-17.55062515,-21.47602951,-17.71201762,29.73856843,3.896219292,17.19219098,57.13,929.4505902,4.646432671,12.63343812,11.34143826,0.52694487,0.272222222,21.39737991,32.20868997,3.440696785,153.408,Wooliver_ITS_2B2_Beever240927_S270,312,4.185203547,0.964176146,27.914361,0.728748254,24 hr,Wooliver_16S_2B2_Beever240927_S106,14536,7.95430513,0.996586185,292.9274185,0.829923494
5,102,5,Drought,Clover,R3,G-50,T90,97.49558916,19.32454573,80.67545427,0.096,1.799,0.180869565,3.38942029,18.73958333,0.13,0.959,1.022515123,7.543015406,7.376923077,1.88,13.84,7.36,9.62,24.490031,54.39,54.5015564,78.9915874,64.00982383,-18.08405814,-22.569111,-17.93169957,15.48191403,0.6542262,10.64442504,37.99,468.7682419,1.331416918,0.828753922,26.06017707,0.030821379,0.263392857,20.84805654,1474.251399,-30.67638593,89.165,Wooliver_ITS_2B7_Beever240927_S310,233,3.771690648,0.952144625,20.89629451,0.69192149,6 mo,Wooliver_16S_2B7_Beever240927_S146,11694,7.383788841,0.994521428,182.5293154,0.788291014
6,103,6,Drought,Clover,R3,G-00,T1,97.4769385,19.20103137,80.79896863,0.186,3.773,0.348128342,7.061764706,20.28494624,0.136,1.082,1.071140909,8.521871056,7.955882353,2.11,18.09,8.57,16.5,39.03684193,50.76,47.10818715,86.14502909,67.26394556,-24.2173666,-25.22331753,-23.78094295,NA,NA,NA,63.83,552.4135915,NA,NA,NA,NA,0.266343826,21.03250478,17.42655493,NA,144.939,Wooliver_ITS_1B4_Beever240927_S190,329,4.22362559,0.963513368,27.40729844,0.728706609,24 hr,Wooliver_16S_1B4_Beever240927_S26,12168,7.804282486,0.996277031,268.6028347,0.829663392
7,104,7,Drought,Clover,R3,G-00,T90,97.42729084,19.35587202,80.64412798,0.076,1.803,0.143320053,3.400079681,23.72368421,0.149,1.081,1.170683898,8.493350963,7.255033557,1.87,15.24,8.15,7.66,22.31023413,62.6,55.73064936,78.04088349,70.26759096,-22.22963282,-23.28463187,-23.16267552,NA,NA,NA,33.64,378.6120153,NA,NA,NA,NA,0.260683761,20.6779661,1478.657214,NA,87.328,Wooliver_ITS_1B9_Beever240927_S230,238,3.723018088,0.945787677,18.4459907,0.680342459,6 mo,Wooliver_16S_1B9_Beever240927_S66,8647,7.143764281,0.993730525,159.5029874,0.788062848
8,105,8,Drought,No residue,R3,G-50,T1,97.07391304,18.53568119,81.46431881,0.072,1.244,0.129551839,2.238367893,17.27777778,0.103,0.969,0.814530201,7.662910334,9.40776699,1.19,12.22,10.27,10.89,18.31724953,68.45,62.70794054,81.02519008,79.33462522,-11.23572927,-14.14011642,-13.38119148,35.94914904,4.653339028,19.46016977,12.2,662.3451734,1.16009067,7.932097584,12.61706809,0.386005822,0.263551402,20.85798817,19.75200323,-0.558468651,84.874,Wooliver_ITS_2C2_Beever240927_S271,535,5.084405681,0.973280662,37.42607696,0.809326615,24 hr,Wooliver_16S_2C2_Beever240927_S107,20373,9.439734484,0.99985359,6830.127156,0.951397606
9,106,9,Drought,No residue,R3,G-50,T90,97.77547554,18.13438202,81.86561798,0.067,1.196,0.118797554,2.120625,17.85074627,0.095,0.847,0.760422724,6.77976892,8.915789474,1.13,10.76,9.52,10.51,19.70841078,67.29,63.00900483,82.71741561,77.80710429,-14.91557158,-18.72524088,-12.95207686,17.68577228,3.250850482,16.97214975,40.05,714.375217,1.0582149,1.410711382,23.89206097,0.055753234,0.24217119,19.49579832,895.7717624,-3.026691493,56.349,Wooliver_ITS_2C7_Beever240927_S311,471,5.642757803,0.994787881,191.860536,0.916797385,6 mo,Wooliver_16S_2C7_Beever240927_S147,20199,9.401155702,0.999840255,6259.962348,0.948329203
10,107,10,Drought,No residue,R3,G-00,T1,98.01169786,18.27785754,81.72214246,0.077,1.347,0.137941176,2.413074866,17.49350649,0.097,0.923,0.776943416,7.392977039,9.515463918,1.25,12.73,10.18,11.04,18.95581199,62.16,58.07523204,77.03104403,73.19076738,-22.13764472,-21.84354678,-22.79391245,NA,NA,NA,40.49,489.25761,NA,NA,NA,NA,0.259109312,20.57877814,7.693403785,NA,76.834,Wooliver_ITS_1C4_Beever240927_S191,490,5.520448302,0.992253804,129.0956157,0.891199067,24 hr,Wooliver_16S_1C4_Beever240927_S27,21356,9.455948466,0.999844307,6422.882951,0.948526932
11,108,11,Drought,No residue,R3,G-00,T90,97.60422252,18.40337029,81.59662971,0.046,0.838,0.082627346,1.505254692,18.2173913,0.098,0.901,0.780489209,7.175722218,9.193877551,1.16,10.99,9.47,7.12,13.696585,67.28,65.2931958,78.9897808,74.40659957,-21.00482966,-24.40964176,-22.2293022,NA,NA,NA,25.78,350.2564726,NA,NA,NA,NA,0.260617761,20.67381317,874.7774637,NA,58.835,Wooliver_ITS_1C9_Beever240927_S231,491,5.738749474,0.995270477,211.4378082,0.926135919,6 mo,Wooliver_16S_1C9_Beever240927_S67,18889,9.310867764,0.999818851,5520.303776,0.945617607
12,109,12,Drought,Five-species mix,R3,G-50,T1,97.34147157,18.41601644,81.58398356,0.128,2.002,0.229458194,3.588869565,15.640625,0.155,1.232,1.230933278,9.783934181,7.948387097,1.99,16.46,8.27,11.53,21.80358181,61.86,59.44066938,81.24425119,73.38650611,-16.8559857,-20.13398008,-16.91091726,33.25418819,3.593683371,18.47648001,56.75,565.7491514,6.050956695,4.827085469,12.0873856,0.285381993,0.274193548,21.51898734,32.59116254,2.347793214,142.733,Wooliver_ITS_2D2_Beever240927_S272,278,3.803635325,0.943775819,17.78594154,0.675886889,24 hr,Wooliver_16S_2D2_Beever240927_S108,11855,7.530177846,0.995435003,219.0581744,0.802747597
14,110,14,Drought,Five-species mix,R3,G-50,T90,96.31316138,18.88405533,81.11594467,0.071,1.71,0.129133598,3.110119048,24.08450704,0.127,1,0.9921917,7.812533069,7.874015748,1.84,14.28,7.76,7.02,21.77954515,53.92,54.70961533,76.48916048,60.94159226,-16.61034162,-21.82535519,-19.11334237,21.12025907,2.049664554,10.76835964,37.79,672.2632307,2.495265087,0.810580898,27.3628421,0.028771119,0.260869565,20.68965517,1544.429664,-68.58268841,74.057,Wooliver_ITS_2D7_Beever240927_S312,224,3.521568841,0.931731151,14.64796923,0.650738945,6 mo,Wooliver_16S_2D7_Beever240927_S148,9546,6.875315954,0.992594237,135.0299742,0.750262752
15,111,15,Drought,Five-species mix,R3,G-00,T1,97.3396921,19.32260848,80.67739152,0.135,1.999,0.253915663,3.759832664,14.80740741,0.135,1.091,1.060170181,8.567745683,8.081481481,2.01,16.53,8.22,12.63,22.74550916,52.74,51.83149233,74.57700149,65.37740514,-24.34734803,-23.84649112,-23.91254586,NA,NA,NA,84.95,683.7139556,NA,NA,NA,NA,0.275700935,21.61172161,18.15598373,NA,144.654,Wooliver_ITS_1D4_Beever240927_S192,272,3.813367475,0.946686114,18.75683945,0.680253678,24 hr,Wooliver_16S_1D4_Beever240927_S28,12468,7.58710473,0.995398686,217.3292401,0.804492479
16,112,16,Drought,Five-species mix,R3,G-00,T90,97.52653997,19.48590799,80.51409201,0.071,1.248,0.134927916,2.371690695,17.57746479,0.126,0.963,0.989384862,7.561727163,7.642857143,1.81,13.68,7.56,7.45,17.33692028,54.66,55.27578335,72.61270363,62.11672809,-22.09123047,-24.2690158,-24.22412647,NA,NA,NA,47.9,604.4873199,NA,NA,NA,NA,0.259481038,20.6022187,1585.468632,NA,89.912,Wooliver_ITS_1D9_Beever240927_S232,211,3.465347731,0.928633891,14.01225327,0.64750366,6 mo,Wooliver_16S_1D9_Beever240927_S68,7901,6.867994484,0.992979613,142.4422812,0.76525793
17,113,17,Drought,Wheat-clover mix,R3,G-50,T1,97.34147157,19.10318123,80.89681877,0.13,1.981,0.24173913,3.683732441,15.23846154,0.151,1.23,1.189066923,9.685776923,8.145695364,1.79,15.88,8.87,13.5,23.19730757,66.43,60.99355745,84.19086502,79.93329908,-17.2980277,-19.63918736,-17.10970335,29.63371095,5.757350346,17.77180437,52.94,891.7900552,6.215353766,8.503318399,11.22203293,0.431085777,0.276264591,21.64634146,39.86906211,1.943906666,164.047,Wooliver_ITS_2E2_Beever240927_S273,306,3.952661662,0.949219201,19.6924825,0.690591927,24 hr,Wooliver_16S_2E2_Beever240927_S109,11313,7.514841312,0.995220819,209.2408561,0.805129267
18,114,18,Drought,Wheat-clover mix,R3,G-50,T90,97.65606557,18.86849465,81.13150535,0.113,2.089,0.208216393,3.849239344,18.48672566,0.134,1.035,1.061679803,8.200288033,7.723880597,1.74,14.11,8.11,11.97,27.28022214,61.02,58.11685353,85.39707567,72.98254004,-17.71562958,-21.89128205,-19.11334237,16.65515147,3.562196954,10.56512696,44.19,415.2015116,1.548775029,0.566804966,26.95559509,0.020594315,0.26640159,21.03610675,1686.567469,45.34843729,94.806,Wooliver_ITS_2E7_Beever240927_S313,313,3.728192511,0.94118918,17.00367375,0.648809725,6 mo,Wooliver_16S_2E7_Beever240927_S149,11173,7.050828661,0.992737192,137.6877856,0.756424788
19,115,19,Drought,Wheat-clover mix,R3,G-00,T1,97.8067649,19.31169556,80.68830444,0.136,1.976,0.256878768,3.732297388,14.52941176,0.121,1.012,0.954915305,7.986564367,8.363636364,1.88,16.71,8.89,13.66,22.33571148,50.79,47.79511889,70.13083037,64.45713151,-24.2173666,-25.43622842,-23.91254586,NA,NA,NA,67.93,823.5931527,NA,NA,NA,NA,0.274873524,21.56084656,26.70312251,NA,154.906,Wooliver_ITS_1E4_Beever240927_S193,299,3.976737585,0.953048082,21.29838452,0.697618972,24 hr,Wooliver_16S_1E4_Beever240927_S29,12788,7.564242656,0.994993783,199.7516312,0.799918853
20,116,20,Drought,Wheat-clover mix,R3,G-00,T90,97.29448871,19.31404431,80.68595569,0.107,1.818,0.201069057,3.416294821,16.99065421,0.147,1.141,1.153993924,8.957190936,7.761904762,1.71,13.59,7.95,11.76,25.1382989,67.49,65.91016141,91.04846032,79.24344921,-22.08985715,-25.32371162,-23.89013452,NA,NA,NA,39.13,484.6127719,NA,NA,NA,NA,0.26059322,20.67226891,1614.215036,NA,88.407,Wooliver_ITS_1E9_Beever240927_S233,253,3.628236785,0.934367836,15.23643199,0.655698789,6 mo,Wooliver_16S_1E9_Beever240927_S69,9031,7.013244647,0.993221445,147.5240676,0.769973924
21,117,21,Drought,Wheat,R3,G-50,T1,97.07391304,19.50036348,80.49963652,0.176,2.872,0.33316388,5.436628763,16.31818182,0.146,1.239,1.140904548,9.682059833,8.48630137,1.58,15.41,9.75,21.09,35.27987516,72.21,62.82971988,98.10959504,93.29547013,-16.28764597,-20.48455419,-16.77582348,32.68623671,4.724468838,18.29386071,51.02,690.2972893,10.26370761,5.441138325,11.28775392,0.325253953,0.280943026,21.93251534,46.9082042,-3.502183266,155.143,Wooliver_ITS_2F2_Beever240927_S274,404,4.538592978,0.973863739,38.26101933,0.756253829,24 hr,Wooliver_16S_2F2_Beever240927_S110,11822,7.62273308,0.995865826,241.8862628,0.81285591
22,118,22,Drought,Wheat,R3,G-50,T90,96.69310345,18.47943433,81.52056567,0.056,1.149,0.100062696,2.0530721,20.51785714,0.135,1.117,1.064134326,8.804726238,8.274074074,1.56,13.38,8.58,6.41,15.34433558,68.21,65.80512884,81.14946441,74.62801423,-18.01037062,-20.87872763,-18.60697967,15.94993706,1.993861086,10.33251175,44.14,642.1815823,1.023312541,0.752314982,27.1972127,0.026916912,0.25915493,20.58165548,1794.703319,61.55230058,77.078,Wooliver_ITS_2F7_Beever240927_S314,413,4.406813462,0.96627348,29.65025766,0.731609829,6 mo,Wooliver_16S_2F7_Beever240927_S150,6183,6.811425195,0.993125992,145.4755368,0.780271409
23,119,23,Drought,Wheat,R3,G-00,T1,97.67591973,19.44865794,80.55134206,0.138,2.138,0.262153846,4.06148495,15.49275362,0.111,0.987,0.873339833,7.765643378,8.891891892,1.66,15.96,9.61,15.79,25.44790069,52.61,48.6569134,74.10481408,68.40323367,-24.15237439,-23.70630917,-23.78094295,NA,NA,NA,61.7,1039.851421,NA,NA,NA,NA,0.279467681,21.84249629,39.12263355,NA,142.571,Wooliver_ITS_1F4_Beever240927_S194,425,4.717134789,0.977989653,45.43317684,0.779422553,24 hr,Wooliver_16S_1F4_Beever240927_S30,12021,7.626380654,0.995871861,242.239919,0.811799818
25,120,25,Drought,Wheat,R3,G-00,T90,97.6788961,18.61386534,81.38613466,0.064,1.203,0.116363636,2.187272727,18.796875,0.131,1.122,1.041411721,8.919572143,8.564885496,1.51,13.19,8.74,7.71,16.58281067,68.97,67.62374634,84.20655701,76.67386471,-22.42833618,-24.47995475,-22.95680121,NA,NA,NA,38.71,570.7871185,NA,NA,NA,NA,0.254863813,20.31007752,1705.932504,NA,79.052,Wooliver_ITS_1F9_Beever240927_S234,346,4.388239397,0.97223215,36.01287038,0.750583315,6 mo,Wooliver_16S_1F9_Beever240927_S70,9593,7.091615195,0.993550822,155.0585237,0.773451678
26,121,26,Ambient,Clover,R4,G-50,T1,96.8084893,18.50502847,81.49497153,0.099,1.574,0.177352941,2.81973262,15.8989899,0.152,1.206,1.199189572,9.514622527,7.934210526,1.95,15.32,7.86,9.1,18.40556541,61.5,62.10589117,80.51145657,70.59192376,-16.98228341,-20.34245031,-17.30789239,29.62524726,3.713174596,16.94916251,33.78,548.0736707,3.838831057,5.063800358,12.16095706,0.293983842,0.25795053,20.50561798,30.69922362,4.233519134,137.655,Wooliver_ITS_2G2_Beever240927_S275,326,4.051607122,0.959571715,24.73515739,0.700134607,24 hr,Wooliver_16S_2G2_Beever240927_S111,13121,7.746853421,0.996087925,255.6188142,0.817008914
27,122,27,Ambient,Clover,R4,G-50,T90,96.23074413,18.72132026,81.27867974,0.039,0.906,0.070261097,1.632219321,23.23076923,0.125,0.967,0.977688479,7.563398074,7.736,1.89,13.83,7.32,3.72,11.80201968,51.73,54.68834472,66.49036439,55.4470675,-16.83139966,-21.41633834,-18.86016102,21.38762111,1.13201009,11.20343618,39.14,550.0901797,1.909606256,1.226266154,25.96642726,0.045095428,0.26142132,20.72434608,1236.090407,-3.504581313,77.93,Wooliver_ITS_2G7_Beever240927_S315,230,3.708835696,0.944710537,18.08662884,0.682012064,6 mo,Wooliver_16S_2G7_Beever240927_S151,7036,6.912810931,0.99313034,145.5676175,0.780333087
28,123,28,Ambient,Clover,R4,G-00,T1,98.01169786,19.98288156,80.01711844,0.121,1.968,0.236985294,3.854438503,16.26446281,0.127,1.019,0.996011932,7.991623295,8.023622047,1.94,14.92,7.69,12.22,25.83403822,51.34,53.56315882,79.39719704,63.55655804,-24.15237439,-25.22655189,-23.91254586,NA,NA,NA,60.84,590.6930274,NA,NA,NA,NA,0.259117083,20.57926829,14.30474742,NA,121.284,Wooliver_ITS_1G4_Beever240927_S195,264,3.968880862,0.9564993,22.98813595,0.711785705,24 hr,Wooliver_16S_1G4_Beever240927_S31,12656,7.691790971,0.995668887,230.8875541,0.814300576
29,124,29,Ambient,Clover,R4,G-00,T90,97.81845436,20.02376971,79.97623029,0.12,1.89,0.235043304,3.701932045,15.75,0.161,1.111,1.259527348,8.691521019,6.900621118,1.85,13.52,7.31,12.71,27.38115418,68.08,64.28639807,91.66755225,80.78760286,-22.56299536,-23.98776387,-24.35277662,NA,NA,NA,42.43,696.1336095,NA,NA,NA,NA,0.259259259,20.58823529,1213.480846,NA,84.81,Wooliver_ITS_1G9_Beever240927_S235,234,3.702583528,0.945983817,18.5129705,0.678710464,6 mo,Wooliver_16S_1G9_Beever240927_S71,7304,7.029587014,0.993765922,160.4086551,0.790180623
30,125,30,Ambient,No residue,R4,G-50,T1,97.94347826,17.89305824,82.10694176,0.075,1.309,0.131438127,2.294033445,17.45333333,0.123,1.1,0.989146254,8.846023411,8.943089431,1.22,11.9,9.75,10.77,19.27759197,81.08,74.33633119,93.61392316,91.85117879,-11.67777228,-15.0517312,-14.44265186,34.00449231,5.268557328,19.61800186,27.79,563.634279,2.822760947,6.052268297,14.70128614,0.291625626,0.238921002,19.28460342,20.80567863,-1.848619946,74.138,Wooliver_ITS_2H2_Beever240927_S276,501,5.735281884,0.99516392,206.7790289,0.922574439,24 hr,Wooliver_16S_2H2_Beever240927_S112,17145,9.259250747,0.99982494,5712.318382,0.949719161
31,126,31,Ambient,No residue,R4,G-50,T90,97.79155759,18.13612804,81.86387196,0.044,0.968,0.078036649,1.716806283,22,0.07,0.681,0.560391688,5.451810569,9.728571429,1.16,11.1,9.57,6.73,15.46672327,48.31,49.11541053,64.5821338,55.03692566,-14.03134166,-19.12286901,-14.55568857,21.89062548,1.797311019,13.23111025,33.87,470.649354,0.593710134,0.695914057,25.61512837,0.026449505,0.244402985,19.64017991,833.7531183,-17.03058438,51.253,Wooliver_ITS_2H7_Beever240927_S316,382,5.331570155,0.99193,123.9157406,0.896752392,6 mo,Wooliver_16S_2H7_Beever240927_S152,15443,9.121166656,0.999798307,4958.034157,0.945697327
32,127,32,Ambient,No residue,R4,G-00,T1,98.41170569,18.62355608,81.37644392,0.09,1.709,0.164949833,3.132214047,18.98888889,0.099,0.898,0.79283107,7.191538395,9.070707071,1.2,12.13,10.11,13.75,25.8220449,66.07,59.28720853,85.10925343,79.81507525,-22.26762615,-23.5659483,-22.66230649,NA,NA,NA,36.63,365.4554508,NA,NA,NA,NA,0.255988024,20.38140644,7.953012435,NA,73.681,Wooliver_ITS_1H4_Beever240927_S196,442,5.583005918,0.994402431,178.6489836,0.916552601,24 hr,Wooliver_16S_1H4_Beever240927_S32,21439,9.475399107,0.999851107,6716.246094,0.950108341
33,128,33,Ambient,No residue,R4,G-00,T90,98.20071336,18.02866756,81.97133244,0.063,1.112,0.111536965,1.968715953,17.65079365,0.082,0.777,0.660070752,6.25457286,9.475609756,1.17,10.88,9.3,9.53,18.09481575,56.42,57.4868829,75.58169865,65.94937754,-21.33813606,-23.00337886,-23.55287573,NA,NA,NA,26.66,382.3726224,NA,NA,NA,NA,0.239923225,19.3498452,825.0736786,NA,54.766,Wooliver_ITS_1H9_Beever240927_S236,378,5.437486427,0.993678536,158.1912024,0.916189278,6 mo,Wooliver_16S_1H9_Beever240927_S72,18964,9.306116865,0.999819013,5525.264585,0.944754882
34,129,34,Ambient,Five-species mix,R4,G-50,T1,97.27640374,17.93500108,82.06499892,0.126,2.03,0.219826203,3.541644385,16.11111111,0.143,1.116,1.141567279,8.909014572,7.804195804,1.97,16.24,8.24,11.16,21.80815508,57.95,54.85846411,76.66661919,69.10626815,-16.16134825,-20.83394768,-16.7733153,34.99992618,4.390714774,17.78608428,43.75,952.3811056,1.473987169,7.758818046,12.44498883,0.38402753,0.266339869,21.03225806,31.17139889,2.69531488,139.747,Wooliver_ITS_2A3_Beever240927_S277,289,3.699228897,0.936249168,15.68606975,0.652832746,24 hr,Wooliver_16S_2A3_Beever240927_S113,10817,7.357272762,0.994752162,190.5546751,0.792052144
36,130,36,Ambient,Five-species mix,R4,G-50,T90,97.27156863,18.9483657,81.0516343,0.076,1.492,0.140078431,2.749960784,19.63157895,0.135,0.992,1.064342647,7.820947451,7.348148148,1.84,13.74,7.47,7.61,20.01427063,57.84,56.92101493,76.93528556,65.45766731,-18.59985836,-22.49258236,-19.4509175,11.66124805,1.265346056,9.632765317,47.85,793.9450939,1.896038297,1.230886964,26.70720276,0.044057664,0.259640103,20.6122449,1335.124178,-3.293938284,71.546,Wooliver_ITS_2A8_Beever240927_S317,222,3.470912902,0.926697485,13.64209671,0.642443118,6 mo,Wooliver_16S_2A8_Beever240927_S153,5384,6.588378198,0.992144603,127.3010126,0.76687637
37,131,37,Ambient,Five-species mix,R4,G-00,T1,97.41527685,19.10625199,80.89374801,0.132,2.072,0.245683789,3.856490994,15.6969697,0.126,1.028,0.992916144,8.10093489,8.158730159,1.97,15.85,8.05,12.47,24.33117346,50.4,51.10999931,75.44117277,62.87309306,-24.15237439,-25.4322933,-24.17575474,NA,NA,NA,24.16,896.2328587,NA,NA,NA,NA,0.274949084,21.56549521,16.03109518,NA,119.438,Wooliver_ITS_1A5_Beever240927_S197,238,3.605431204,0.93441373,15.24709365,0.658854691,24 hr,Wooliver_16S_1A5_Beever240927_S33,11630,7.361748015,0.9943069,175.6512288,0.786398685
38,132,38,Ambient,Five-species mix,R4,G-00,T90,97.45767717,18.91931015,81.08068985,0.126,2.169,0.232322835,3.999271654,17.21428571,0.138,1.026,1.090467126,8.107386024,7.434782609,1.9,14,7.37,12.23,28.5662261,57.39,57.90990017,86.47612627,69.62052424,-21.7446918,-24.19870281,-24.01756268,NA,NA,NA,118.04,477.3264381,NA,NA,NA,NA,0.245700246,19.72386588,1311.487476,NA,79.553,Wooliver_ITS_1A10_Beever240927_S237,182,3.383578053,0.923662084,13.09965018,0.650187107,6 mo,Wooliver_16S_1A10_Beever240927_S73,6296,6.634759873,0.991844623,122.6184894,0.758460257
39,133,39,Ambient,Wheat-clover mix,R4,G-50,T1,97.00902406,18.46677531,81.53322469,0.111,1.743,0.198850267,3.122486631,15.7027027,0.146,1.182,1.154780949,9.348980013,8.095890411,1.74,14.98,8.61,11.43,20.84437003,66.37,62.40974642,83.25411645,77.7948975,-16.28764597,-20.19819912,-16.97227886,30.20191789,2.835069569,16.67222135,33.82,634.5910093,4.153316169,4.877964148,11.93265649,0.290171568,0.267857143,21.12676056,32.28994559,2.720124217,142.056,Wooliver_ITS_2B3_Beever240927_S278,238,3.628559897,0.937280505,15.94400599,0.663081217,24 hr,Wooliver_16S_2B3_Beever240927_S114,10834,7.527475659,0.995446672,219.6195784,0.810238473
40,134,40,Ambient,Wheat-clover mix,R4,G-50,T90,97.47810914,18.87707444,81.12292556,0.085,1.556,0.156408629,2.86319797,18.30588235,0.122,0.954,0.964740546,7.543954759,7.819672131,1.66,13.24,7.98,9.42,21.62536231,58.12,56.97851026,78.60387257,67.53910694,-18.23142866,-21.4128501,-19.36652372,15.21658246,1.988437296,9.595531985,119.03,457.277329,2.342577684,1.309298478,27.01995885,0.046217183,0.259340659,20.59336824,1390.658407,68.01554104,73.278,Wooliver_ITS_2B8_Beever240927_S318,245,3.476123921,0.925763101,13.47039025,0.631877979,6 mo,Wooliver_16S_2B8_Beever240927_S154,11774,7.034214512,0.992690725,136.8124809,0.750424357
41,135,41,Ambient,Wheat-clover mix,R4,G-00,T1,98.00903614,19.60041113,80.39958887,0.104,1.619,0.19978581,3.110127175,15.56730769,0.137,1.134,1.079544411,8.935790964,8.277372263,1.71,14.73,8.61,11.68,21.11423744,63.13,60.66388977,81.77812722,74.8146328,-23.7624271,-23.56421131,-23.58353604,NA,NA,NA,58.6,629.3825898,NA,NA,NA,NA,0.264755481,20.93333333,17.63716488,NA,143.254,Wooliver_ITS_1B5_Beever240927_S198,318,4.010527215,0.95275585,21.16664166,0.696024202,24 hr,Wooliver_16S_1B5_Beever240927_S34,13555,7.50827726,0.994673436,187.738282,0.789139604
42,136,42,Ambient,Wheat-clover mix,R4,G-00,T90,97.617,18.43941117,81.56058883,0.059,1.213,0.1062,2.1834,20.55932203,0.098,0.87,0.7802466,6.926679,8.87755102,1.73,13.74,7.94,6.14,15.89082969,45.1,50.41251092,66.30334061,51.23968786,-22.49090232,-23.98776387,-24.08262649,NA,NA,NA,82.97,497.5997579,NA,NA,NA,NA,0.260437376,20.66246057,1295.609756,NA,77.768,Wooliver_ITS_1B10_Beever240927_S238,234,3.62372872,0.934150095,15.18605085,0.664255805,6 mo,Wooliver_16S_1B10_Beever240927_S74,8233,6.832754107,0.991714418,120.6915807,0.757855539
43,137,43,Ambient,Wheat,R4,G-50,T1,97.6805741,18.5203536,81.4796464,0.096,1.55,0.173671562,2.804072096,16.14583333,0.132,1.125,1.05058518,8.953850968,8.522727273,1.61,15.24,9.47,10.79,18.3994232,65.25,58.75230294,77.15172614,76.04079145,-16.66653812,-18.5749755,-16.37185316,28.90197562,5.443460202,18.05215781,64.29,720.5475866,-4.60475874,8.505532013,11.7181365,0.420573152,0.273356401,21.4673913,39.34351544,2.666391091,139.399,Wooliver_ITS_2C3_Beever240927_S279,391,4.666051673,0.978085688,45.63227957,0.781752436,24 hr,Wooliver_16S_2C3_Beever240927_S115,12104,7.799712182,0.996616113,295.5181753,0.829642649
44,138,44,Ambient,Wheat,R4,G-50,T90,97.27868318,18.36147307,81.63852693,0.064,1.909,0.114315515,3.409817471,29.828125,0.11,0.906,0.873585724,7.195169687,8.236363636,1.52,13.17,8.66,7.52,25.89079325,57.47,54.63302724,80.52382048,64.99350254,-18.74722888,-20.60261409,-19.02894859,13.78092812,2.725523206,8.643468733,81.42,534.4202107,2.217152306,0.79285048,26.60132672,0.028942299,0.264204545,20.8988764,1490.284757,53.47837075,64.833,Wooliver_ITS_2C8_Beever240927_S319,379,4.331840821,0.965955279,29.37312951,0.729568742,6 mo,Wooliver_16S_2C8_Beever240927_S155,10808,7.171081356,0.993868032,163.0797856,0.772076768
45,139,45,Ambient,Wheat,R4,G-00,T1,97.54378342,20.07873881,79.92126119,0.139,2.062,0.272239305,4.038542781,14.83453237,0.112,1.001,0.873132086,7.803618015,8.9375,1.55,14.7,9.48,17.56,27.47308014,56.33,53.08583683,80.55891698,73.89492841,-23.69743488,-25.77605261,-23.84674491,NA,NA,NA,79.57,878.8556905,NA,NA,NA,NA,0.270363951,21.28240109,24.95898784,NA,131.389,Wooliver_ITS_1C5_Beever240927_S199,370,4.532802581,0.974839588,39.74497646,0.766517338,24 hr,Wooliver_16S_1C5_Beever240927_S35,14952,7.858578088,0.996244175,266.2531106,0.817528848
47,140,47,Ambient,Wheat,R4,G-00,T90,97.09142287,18.55840247,81.44159753,0.048,0.92,0.086489362,1.657712766,19.16666667,0.105,0.901,0.830264461,7.124459807,8.580952381,1.57,13.32,8.48,5.51,12.44529104,52.88,53.48693549,65.93222653,58.39196326,-22.62547404,-23.56588597,-23.48233094,NA,NA,NA,65.23,534.0608405,NA,NA,NA,NA,0.257201646,20.45826514,1410.258001,NA,72.196,Wooliver_ITS_1C10_Beever240927_S239,361,4.304017658,0.963979097,27.76165834,0.73087228,6 mo,Wooliver_16S_1C10_Beever240927_S75,7799,6.774396615,0.991864934,122.9246391,0.755923342
48,141,48,Drought,Clover,R4,G-50,T1,97.34324866,18.60937817,81.39062183,0.129,2.414,0.233683155,4.372954545,18.71317829,0.162,1.228,1.283498061,9.729232219,7.580246914,1.94,15.69,8.09,12.05,27.87096587,66.16,62.00912823,89.8800941,78.20521735,-17.2980277,-21.88846901,-17.43671009,29.82812164,4.337213239,16.82105807,71.22,418.3337213,8.552426648,5.424002155,11.25172909,0.325263227,0.271914132,21.37834037,32.44825805,3.567425141,151.671,Wooliver_ITS_2D3_Beever240927_S280,270,3.971091409,0.954458902,21.95818803,0.709323348,24 hr,Wooliver_16S_2D3_Beever240927_S116,12803,7.859139065,0.996542875,289.2576885,0.831001136
49,142,49,Drought,Clover,R4,G-50,T90,97.23333333,18.30581359,81.69418641,0.081,1.551,0.144174757,2.760679612,19.14814815,0.114,0.892,0.905547379,7.085511068,7.824561404,1.91,13.87,7.26,7.55,19.90396259,47.41,51.0851555,70.98911809,54.95927413,-18.45248444,-21.14032342,-19.70409885,14.59437484,2.120159285,8.48881298,71.22,529.0351201,3.206468356,0.951868206,25.97452195,0.035350754,0.265984655,21.01010101,1476.636816,90.79376373,83.332,Wooliver_ITS_2D8_Beever240927_S320,250,3.742323765,0.94176082,17.17057129,0.677777824,6 mo,Wooliver_16S_2D8_Beever240927_S156,11148,7.381620441,0.994805357,192.5060093,0.792103042
50,143,50,Drought,Clover,R4,G-00,T1,96.99899396,20.60494173,79.39505827,0.146,2.037,0.291804158,4.071267606,13.95205479,0.129,1.051,0.99346006,8.094004058,8.147286822,1.98,15.46,7.81,14.74,26.33420185,50.17,52.35448938,78.68869122,64.91233428,-24.34734803,-25.56741124,-23.84674491,NA,NA,NA,102.56,807.9323121,NA,NA,NA,NA,0.268292683,21.15384615,17.62910382,NA,160.762,Wooliver_ITS_1D5_Beever240927_S200,265,4.126832296,0.963319475,27.26242333,0.739611491,24 hr,Wooliver_16S_1D5_Beever240927_S36,12274,7.768944917,0.996239861,265.9476421,0.825145845
51,144,51,Drought,Clover,R4,G-00,T90,97.15181413,19.06627661,80.93372339,0.102,2.039,0.188936983,3.776887333,19.99019608,0.128,0.978,1.006445831,7.689875175,7.640625,1.89,13.89,7.35,10,27.19141348,53.25,55.36267225,82.55408573,63.24776791,-22.35207999,-23.98776387,-24.1462826,NA,NA,NA,63.74,597.2313739,NA,NA,NA,NA,0.243523316,19.58333333,1359.790075,NA,91.93,Wooliver_ITS_1D10_Beever240927_S240,223,3.745314469,0.946711322,18.76571223,0.692656832,6 mo,Wooliver_16S_1D10_Beever240927_S76,11045,7.318128083,0.994315518,175.9175269,0.786072811
52,145,52,Drought,No residue,R4,G-50,T1,96.94013378,18.21625594,81.78374406,0.059,1.784,0.104187291,3.150341137,30.23728814,0.108,0.981,0.856237726,7.777492676,9.083333333,1.23,12.32,10.02,8.47,25.57095079,69.61,63.12899899,88.69994978,78.08333469,-11.74092114,-15.4693581,-14.23834882,35.64101085,5.820122616,17.40147341,15.46,728.340501,1.350101316,9.6053107,11.18021879,0.462115276,0.263485477,20.85385878,19.37016494,-0.298955164,75.547,Wooliver_ITS_2E3_Beever240927_S281,581,5.860367546,0.995661946,230.5181225,0.920753659,24 hr,Wooliver_16S_2E3_Beever240927_S117,21422,9.494261106,0.999862716,7284.165833,0.952075383
53,146,53,Drought,No residue,R4,G-50,T90,96.75081646,17.75521433,82.24478567,0.054,1.072,0.0927629,1.841515349,19.85185185,0.087,0.809,0.692280764,6.437415382,9.298850575,1.14,11,9.65,8.14,16.74104863,60.73,58.52195802,75.26300665,68.86347932,-14.03134166,-19.92547967,-15.90611894,20.26241647,1.59892915,10.38122406,68.86,430.5331914,-0.501448052,1.324206624,22.44289817,0.055715942,0.240932642,19.41544885,874.2750393,28.15379967,57.054,Wooliver_ITS_2E8_Beever240927_S321,531,5.781023412,0.995316149,213.4995288,0.921313572,6 mo,Wooliver_16S_2E8_Beever240927_S157,15645,9.156318742,0.999803623,5092.242286,0.948064531
54,147,54,Drought,No residue,R4,G-00,T1,97.13697254,19.16904269,80.83095731,0.108,1.757,0.201098459,3.271574012,16.26851852,0.098,0.884,0.769464099,6.940880241,9.020408163,1.29,13.04,10.11,15.59,25.08875776,59.65,53.22760921,78.31636697,75.23740764,-22.4625998,-22.31605116,-22.53070357,NA,NA,NA,25.64,485.78883,NA,NA,NA,NA,0.26863354,21.1750306,8.488901315,NA,78.951,Wooliver_ITS_1E5_Beever240927_S201,462,5.573844798,0.993891331,163.7017909,0.908448512,24 hr,Wooliver_16S_1E5_Beever240927_S37,20717,9.418923973,0.999835058,6062.737129,0.947700866
55,148,55,Drought,No residue,R4,G-00,T90,97.92095238,17.89587325,82.10412675,0.069,1.147,0.120914286,2.009980952,16.62318841,0.101,0.922,0.812011143,7.412616571,9.128712871,1.12,10.54,9.41,10.8,19.07002801,72.5,70.32843047,89.39845848,83.29691327,-20.85525718,-23.14400699,-21.88186944,NA,NA,NA,19.48,522.1361609,NA,NA,NA,NA,0.262331839,20.78152753,823.5178781,NA,59.353,Wooliver_ITS_1E10_Beever240927_S241,406,5.230801168,0.988126033,84.21784974,0.870878057,6 mo,Wooliver_16S_1E10_Beever240927_S77,18116,9.206591782,0.999764635,4248.714758,0.939012094
56,149,56,Drought,Five-species mix,R4,G-50,T1,97.07782231,18.51017199,81.48982801,0.112,1.786,0.201255845,3.209311957,15.94642857,0.166,1.291,1.313201937,10.21291386,7.777108434,1.93,16.13,8.36,10.43,19.89654034,68.04,63.31626696,83.21280731,78.46931514,-16.98228341,-21.39273895,-17.43496309,32.03809207,3.550127078,16.93827517,59.18,999.7650442,7.107191436,7.713309833,11.43219894,0.40287829,0.276836158,21.68141593,35.04517346,4.944961203,147.825,Wooliver_ITS_2F3_Beever240927_S282,229,3.65012373,0.936372497,15.7164741,0.67175386,24 hr,Wooliver_16S_2F3_Beever240927_S118,9291,7.353656808,0.994952963,198.1360395,0.80483929
58,150,58,Drought,Five-species mix,R4,G-50,T90,97.12203947,18.695957,81.304043,0.074,1.422,0.134368421,2.582052632,19.21621622,0.138,1.024,1.089705197,8.085928421,7.420289855,1.89,14.47,7.66,7.11,17.84417852,57.66,55.88063871,73.72481723,64.76579992,-18.15774227,-21.20489236,-18.35379832,10.53652243,2.035865181,11.02994799,53.25,242.7782771,1.335162816,0.471843614,26.0705957,0.01777695,0.263038549,20.82585278,1419.472411,-49.34749668,83.88,Wooliver_ITS_2F8_Beever240927_S322,183,3.315855303,0.915388604,11.81873888,0.636503334,6 mo,Wooliver_16S_2F8_Beever240927_S158,9073,6.86597021,0.992785299,138.6058735,0.753421082
59,151,59,Drought,Five-species mix,R4,G-00,T1,97.94896598,18.59350045,81.40649955,0.137,2.134,0.249506338,3.886470981,15.57664234,0.115,1.002,0.916973482,7.98962982,8.713043478,2.08,17.29,8.31,12,22.47814332,44.09,46.20954205,68.68768537,56.08076057,-24.34734803,-25.49582609,-23.58353604,NA,NA,NA,67.78,689.4148753,NA,NA,NA,NA,0.27027027,21.27659574,18.66801331,NA,142.186,Wooliver_ITS_1F5_Beever240927_S202,258,3.936756097,0.952500728,21.05295445,0.708947371,24 hr,Wooliver_16S_1F5_Beever240927_S38,11680,7.447172259,0.995026523,201.0665624,0.7951595
60,152,60,Drought,Five-species mix,R4,G-00,T90,97.41747888,19.47633992,80.52366008,0.149,2.423,0.282703054,4.597244964,16.26174497,0.132,1.001,1.035462378,7.852256368,7.583333333,1.82,13.63,7.49,15.53,33.72886988,56.89,57.61009808,91.33896795,72.42667209,-20.85525718,-24.12838875,-23.41062573,NA,NA,NA,69.42,440.6750668,NA,NA,NA,NA,0.262162162,20.77087794,1442.55301,NA,83.507,Wooliver_ITS_1F10_Beever240927_S242,190,3.411235597,0.928453203,13.97686609,0.650127682,6 mo,Wooliver_16S_1F10_Beever240927_S78,7364,6.885104308,0.993165006,146.305917,0.773228557
61,153,61,Drought,Wheat-clover mix,R4,G-50,T1,97.2727577,18.99184933,81.00815067,0.116,1.839,0.214297189,3.397349398,15.85344828,0.134,1.121,1.055904752,8.833352443,8.365671642,1.7,15.01,8.83,12.61,22.63390671,62.11,58.8497831,81.48368981,74.71776124,-15.90875081,-21.74413528,-16.90129079,33.89663157,3.877957199,16.39132642,58,1000.424504,6.591820911,6.898383952,11.04974746,0.384351094,0.276845638,21.68199737,39.29127938,0.933642063,154.078,Wooliver_ITS_2G3_Beever240927_S283,289,3.808629312,0.939719318,16.58906248,0.67213952,24 hr,Wooliver_16S_2G3_Beever240927_S119,10436,7.433466712,0.995083893,203.4129941,0.803356029
62,154,62,Drought,Wheat-clover mix,R4,G-50,T90,97.41301587,18.64096907,81.35903093,0.108,1.945,0.196114286,3.531873016,18.00925926,0.127,0.989,1.006529429,7.838248857,7.787401575,1.72,13.81,8.03,11.4,25.5747503,58.52,56.75777594,82.33252623,69.92114618,-18.37880032,-20.25930504,-20.97013544,10.99339944,3.81929335,6.281563405,72.57,674.9055548,1.604204176,0.933802656,25.81988137,0.034903704,0.261971831,20.75892857,1470.898186,-105.191582,86.17,Wooliver_ITS_2G8_Beever240927_S323,231,3.587765618,0.932650474,14.84791435,0.659222759,6 mo,Wooliver_16S_2G8_Beever240927_S159,9575,7.012247922,0.993113766,145.2172642,0.764952127
63,155,63,Drought,Wheat-clover mix,R4,G-00,T1,97.87942552,19.86002436,80.13997564,0.129,2.149,0.250761523,4.17741483,16.65891473,0.14,1.131,1.098167669,8.871625952,8.078571429,1.74,15.42,8.86,14.41,27.09088735,63.11,57.53324223,84.62412958,77.52466619,-24.28235682,-25.97859587,-23.78094295,NA,NA,NA,59.51,657.3475625,NA,NA,NA,NA,0.274004684,21.50735294,27.30788985,NA,151.144,Wooliver_ITS_1G5_Beever240927_S203,313,4.030020872,0.954676347,22.06353474,0.701336298,24 hr,Wooliver_16S_1G5_Beever240927_S39,9987,7.403620136,0.995081262,203.3041732,0.803951391
64,156,64,Drought,Wheat-clover mix,R4,G-00,T90,97.93537201,19.57180244,80.42819756,0.114,1.907,0.21851198,3.655283733,16.72807018,0.143,1.122,1.126377459,8.837730832,7.846153846,1.68,13.36,7.95,13.01,27.35990818,67.05,66.15067988,93.51058806,80.05294279,-21.32816758,-24.2690158,-23.94142816,NA,NA,NA,80.28,475.4230537,NA,NA,NA,NA,0.259615385,20.61068702,1550.317569,NA,94.206,Wooliver_ITS_1G10_Beever240927_S243,216,3.578850872,0.931168651,14.5282638,0.665798234,6 mo,Wooliver_16S_1G10_Beever240927_S79,8436,6.828059002,0.991824104,122.3107533,0.755294242
65,157,65,Drought,Wheat,R4,G-50,T1,96.74164439,18.58691108,81.41308892,0.125,2.29,0.224766043,4.117713904,18.32,0.122,1.131,0.960876404,8.907796825,9.270491803,1.65,15.97,9.68,13.62,25.78405701,58.23,55.7783145,81.5623715,71.85711797,-15.71930424,-19.4855943,-16.70037609,35.76336044,6.056022693,16.22313735,58.31,814.4374594,6.517993549,7.823671578,10.60169431,0.424614177,0.261363636,20.72072072,54.56107858,5.874406586,143.987,Wooliver_ITS_2H3_Beever240927_S284,308,4.555289317,0.976832409,43.16374561,0.794975566,24 hr,Wooliver_16S_2H3_Beever240927_S120,10284,7.493285649,0.995483641,221.4172871,0.811106968
66,158,66,Drought,Wheat,R4,G-50,T90,97.52111324,18.36962975,81.63037025,0.065,1.4,0.116442738,2.507997441,21.53846154,0.1,0.877,0.796068458,6.981520377,8.77,1.58,13.59,8.6,7.37,18.45472731,50.38,51.37248254,69.82720985,57.75387319,-18.23142866,-21.47127826,-18.60697967,12.84812121,1.512100266,8.9151827,84.26,620.3328427,1.499446047,0.55057785,25.49738278,0.021137081,0.270655271,21.30044843,1888.07131,147.6948844,73.254,Wooliver_ITS_2H8_Beever240927_S324,336,4.263336132,0.961730863,26.13071703,0.732895765,6 mo,Wooliver_16S_2H8_Beever240927_S160,7808,6.874509517,0.992858876,140.0339759,0.766995766
67,159,67,Drought,Wheat,R4,G-00,T1,97.81408545,19.99651938,80.00348062,0.126,1.947,0.246448598,3.808217623,15.45238095,0.113,0.987,0.884277804,7.723736215,8.734513274,1.57,15.52,9.89,15.7,24.53748469,56.32,49.76634159,74.30382628,72.02078993,-24.02239196,-24.93996954,-23.45193312,NA,NA,NA,67.4,652.5259571,NA,NA,NA,NA,0.265917603,21.00591716,38.08497768,NA,138.316,Wooliver_ITS_1H5_Beever240927_S204,451,4.76511619,0.976880554,43.25363086,0.779700835,24 hr,Wooliver_16S_1H5_Beever240927_S40,10828,7.464636591,0.995172949,207.1658458,0.803522546
69,160,69,Drought,Wheat,R4,G-00,T90,97.64990138,19.18862418,80.81137582,0.072,1.373,0.134911243,2.572682446,19.06944444,0.136,1.161,1.073206312,9.161709763,8.536764706,1.52,13.04,8.58,8.88,19.72915986,70.61,70.25851045,89.98767031,79.48141804,-21.73457541,-23.70651085,-23.34074375,NA,NA,NA,57.2,503.7756128,NA,NA,NA,NA,0.263546798,20.85769981,1714.629486,NA,74.129,Wooliver_ITS_1H10_Beever240927_S244,349,4.482018412,0.973484836,37.71426814,0.765493314,6 mo,Wooliver_16S_1H10_Beever240927_S80,8311,6.863513531,0.992224248,128.6049203,0.760471868
161,baseline1,161,NA,NA,NA,NA,NA,98.69583884,17.39997524,82.60002476,0.083,1.554,0.142536328,2.668692206,18.72289157,0.096,0.939,0.782618758,7.654989729,9.78125,1.18,11.91,10.09,12.08,22.40715538,66.32,64.27363333,86.68078871,78.40297338,-20.77282821,-22.65534285,-22.20169375,NA,NA,NA,NA,NA,NA,NA,NA,NA,NA,NA,NA,NA,96.11,Wooliver_ITS_2A9_Beever240927_S325,687,5.958988869,0.995263897,211.1440695,0.912229626,NA,Wooliver_16S_2A9_Beever240927_S161,15752,9.107413936,0.999664628,2981.765861,0.942335781
162,baseline2,162,NA,NA,NA,NA,NA,97.88507662,19.87401778,80.12598222,0.08,1.426,0.15562958,2.774097268,17.825,0.097,0.927,0.760784377,7.270588841,9.556701031,1.16,11.94,10.29,13.42,23.23364546,65.58,60.89270386,84.12634932,79.00120322,-21.48773157,-23.13801891,-21.80688195,NA,NA,NA,NA,NA,NA,NA,NA,NA,NA,NA,NA,NA,84.471,Wooliver_ITS_2B9_Beever240927_S326,519,5.579610592,0.992415956,131.8557755,0.892465831,NA,Wooliver_16S_2B9_Beever240927_S162,16803,9.25827307,0.999832796,5980.722509,0.951585516
163,baseline3,163,NA,NA,NA,NA,NA,96.617,19.38927242,80.61072758,0.069,1.243,0.12926,2.328553333,18.01449275,0.091,0.881,0.708741367,6.861551033,9.681318681,1.1,11.47,10.43,11.75,20.30124964,64.43,59.82171781,80.12296745,76.18194242,-21.55272279,-22.16872954,-22.39909964,NA,NA,NA,NA,NA,NA,NA,NA,NA,NA,NA,NA,NA,83.213,Wooliver_ITS_2C9_Beever240927_S327,556,5.826478645,0.995364882,215.7442427,0.921799119,NA,Wooliver_16S_2C9_Beever240927_S163,14546,9.105233477,0.999803443,5087.593191,0.949939043
164,baseline4,164,NA,NA,NA,NA,NA,NA,NA,NA,NA,NA,NA,NA,NA,NA,NA,NA,NA,NA,NA,NA,NA,NA,NA,NA,NA,NA,NA,NA,NA,NA,NA,NA,NA,NA,NA,NA,NA,NA,NA,NA,NA,NA,NA,NA,Wooliver_ITS_2D9_Beever240927_S328,598,5.548677148,0.991049288,111.7229534,0.867849908,NA,Wooliver_16S_2D9_Beever240927_S164,18614,9.368110036,0.99985247,6778.280141,0.952850405