"","file.names","X","submitted.by","library","well","utia","id","sample.id","plate","row","column","Sample.number","richness","shannon.div","simpson.div","invsimpson.div","evenness"
"1","Wooliver_16S_1A1_Beever240927_S1",1,"Wooliver","16S","1A1","Beever240927",NA,"S1",1,"A",1,"3",19991,8.00449090645476,0.996197353338559,262.974735502014,0.808286441998638
"2","Wooliver_16S_1A10_Beever240927_S73",2,"Wooliver","16S","1A10","Beever240927",NA,"S73",1,"A",10,"132",8469,6.81566111911814,0.992423205251081,131.981930768642,0.753597382583482
"3","Wooliver_16S_1A11_Beever240927_S81",3,"Wooliver","16S","1A11","Beever240927",NA,"S81",1,"A",11,"1",19089,7.96487763641615,0.996070951580087,254.51455241221,0.808053634751457
"4","Wooliver_16S_1A12_Beever240927_S89",4,"Wooliver","16S","1A12","Beever240927",NA,"S89",1,"A",12,"33",12701,7.65687998115981,0.995442597179621,219.423219630343,0.81030020981765
"5","Wooliver_16S_1A2_Beever240927_S9",5,"Wooliver","16S","1A2","Beever240927",NA,"S9",1,"A",2,"35",18090,7.79246700504854,0.99498393502535,199.359459068745,0.79489706488046
"6","Wooliver_16S_1A3_Beever240927_S17",6,"Wooliver","16S","1A3","Beever240927",NA,"S17",1,"A",3,"67",32258,9.74470806804956,0.99987111710565,7758.98155484575,0.938658963003117
"7","Wooliver_16S_1A4_Beever240927_S25",7,"Wooliver","16S","1A4","Beever240927",NA,"S25",1,"A",4,"99",22046,8.08945039562354,0.996306210553072,270.724689202777,0.808873336296034
"8","Wooliver_16S_1A5_Beever240927_S33",8,"Wooliver","16S","1A5","Beever240927",NA,"S33",1,"A",5,"131",18059,7.64014008649925,0.994843326751218,193.923475806072,0.779494818265842
"9","Wooliver_16S_1A6_Beever240927_S41",9,"Wooliver","16S","1A6","Beever240927",NA,"S41",1,"A",6,"4",12224,7.34674645905012,0.99435009905584,176.994253506984,0.780642256894344
"10","Wooliver_16S_1A7_Beever240927_S49",10,"Wooliver","16S","1A7","Beever240927",NA,"S49",1,"A",7,"36",14287,7.13730561907468,0.992983818766998,142.527675211173,0.746025614479541
"11","Wooliver_16S_1A8_Beever240927_S57",11,"Wooliver","16S","1A8","Beever240927",NA,"S57",1,"A",8,"68",23807,9.44254939184152,0.999830219639897,5889.96276951807,0.936971398198411
"12","Wooliver_16S_1A9_Beever240927_S65",12,"Wooliver","16S","1A9","Beever240927",NA,"S65",1,"A",9,"100",11221,7.11947358008739,0.993013552947291,143.134270174174,0.763438023203902
"13","Wooliver_16S_1B1_Beever240927_S2",13,"Wooliver","16S","1B1","Beever240927",NA,"S2",1,"B",1,"7",34578,9.77370313290727,0.999865338662485,7426.03644413718,0.935195527450053
"14","Wooliver_16S_1B10_Beever240927_S74",14,"Wooliver","16S","1B10","Beever240927",NA,"S74",1,"B",10,"136",11486,7.04599490382602,0.992387197566536,131.357671335879,0.753672285065425
"15","Wooliver_16S_1B11_Beever240927_S82",15,"Wooliver","16S","1B11","Beever240927",NA,"S82",1,"B",11,"5",32151,9.69587820062795,0.999852472847831,6778.41322968002,0.934254426639187
"16","Wooliver_16S_1B12_Beever240927_S90",16,"Wooliver","16S","1B12","Beever240927",NA,"S90",1,"B",12,"37",15137,7.87542441041202,0.996316635237239,271.490896071487,0.818234638614474
"17","Wooliver_16S_1B2_Beever240927_S10",17,"Wooliver","16S","1B2","Beever240927",NA,"S10",1,"B",2,"39",21765,8.00193016321272,0.996077831345684,254.960989221985,0.801149712937354
"18","Wooliver_16S_1B3_Beever240927_S18",18,"Wooliver","16S","1B3","Beever240927",NA,"S18",1,"B",3,"71",17559,7.73378988834752,0.995317329752375,213.553367441829,0.791316397154176
"19","Wooliver_16S_1B4_Beever240927_S26",19,"Wooliver","16S","1B4","Beever240927",NA,"S26",1,"B",4,"103",18841,8.11097451418542,0.996727168175368,305.545794462735,0.823968613610812
"20","Wooliver_16S_1B5_Beever240927_S34",20,"Wooliver","16S","1B5","Beever240927",NA,"S34",1,"B",5,"135",23217,7.89054472216014,0.99540568517726,217.660312491101,0.784922635698888
"21","Wooliver_16S_1B6_Beever240927_S42",21,"Wooliver","16S","1B6","Beever240927",NA,"S42",1,"B",6,"8",35244,9.76485900403338,0.999866046201404,7465.2604889107,0.932646784129787
"22","Wooliver_16S_1B7_Beever240927_S50",22,"Wooliver","16S","1B7","Beever240927",NA,"S50",1,"B",7,"40",21268,7.74148200585664,0.995185049756847,207.686466006979,0.776870442041696
"23","Wooliver_16S_1B8_Beever240927_S58",23,"Wooliver","16S","1B8","Beever240927",NA,"S58",1,"B",8,"72",17331,7.22172314672499,0.993760211508846,160.261842435482,0.739911539603683
"24","Wooliver_16S_1B9_Beever240927_S66",24,"Wooliver","16S","1B9","Beever240927",NA,"S66",1,"B",9,"104",11984,7.34513636100462,0.99416941911309,171.509497834945,0.782119056126852
"25","Wooliver_16S_1C1_Beever240927_S3",25,"Wooliver","16S","1C1","Beever240927",NA,"S3",1,"C",1,"11",13921,7.58978965774975,0.995133461627629,205.484869014363,0.795479230332188
"26","Wooliver_16S_1C10_Beever240927_S75",26,"Wooliver","16S","1C10","Beever240927",NA,"S75",1,"C",10,"140",11008,7.00392272320158,0.992509730620536,133.506546872899,0.752593872096383
"27","Wooliver_16S_1C11_Beever240927_S83",27,"Wooliver","16S","1C11","Beever240927",NA,"S83",1,"C",11,"9",10751,7.37353550608698,0.994839244367697,193.770073851326,0.794326281230396
"28","Wooliver_16S_1C12_Beever240927_S91",28,"Wooliver","16S","1C12","Beever240927",NA,"S91",1,"C",12,"41",11625,7.70388006342721,0.996028754281642,251.810155029507,0.822983812985552
"29","Wooliver_16S_1C2_Beever240927_S11",29,"Wooliver","16S","1C2","Beever240927",NA,"S11",1,"C",2,"43",15605,7.81739976608572,0.995927662307355,245.55920345363,0.809644650332305
"30","Wooliver_16S_1C3_Beever240927_S19",30,"Wooliver","16S","1C3","Beever240927",NA,"S19",1,"C",3,"75",21549,7.95552403810058,0.995831132273403,239.873285885279,0.797299710783298
"31","Wooliver_16S_1C4_Beever240927_S27",31,"Wooliver","16S","1C4","Beever240927",NA,"S27",1,"C",4,"107",39713,9.92829057245688,0.99988836424848,8957.70383939387,0.937565756138132
"32","Wooliver_16S_1C5_Beever240927_S35",32,"Wooliver","16S","1C5","Beever240927",NA,"S35",1,"C",5,"139",27044,8.27746456102811,0.996805739659777,313.061520818385,0.811101004925329
"33","Wooliver_16S_1C6_Beever240927_S43",33,"Wooliver","16S","1C6","Beever240927",NA,"S43",1,"C",6,"12",10621,6.86202544138955,0.992436342343853,132.211166271827,0.740193082314118
"34","Wooliver_16S_1C7_Beever240927_S51",34,"Wooliver","16S","1C7","Beever240927",NA,"S51",1,"C",7,"44",13826,7.31923160729598,0.993824263689838,161.924011935951,0.767673230453389
"35","Wooliver_16S_1C8_Beever240927_S59",35,"Wooliver","16S","1C8","Beever240927",NA,"S59",1,"C",8,"76",19187,7.45699606198329,0.993944237791516,165.131979356629,0.756135160219157
"36","Wooliver_16S_1C9_Beever240927_S67",36,"Wooliver","16S","1C9","Beever240927",NA,"S67",1,"C",9,"108",31494,9.69338436211931,0.999862455824599,7270.39147303251,0.935875972703848
"37","Wooliver_16S_1D1_Beever240927_S4",37,"Wooliver","16S","1D1","Beever240927",NA,"S4",1,"D",1,"15",17643,7.81105846161731,0.9952327536257,209.764698839768,0.798832385489668
"38","Wooliver_16S_1D10_Beever240927_S76",38,"Wooliver","16S","1D10","Beever240927",NA,"S76",1,"D",10,"144",16394,7.55544828947278,0.994817449683007,192.955193646871,0.778537317578095
"39","Wooliver_16S_1D11_Beever240927_S84",39,"Wooliver","16S","1D11","Beever240927",NA,"S84",1,"D",11,"13",20754,7.82025125623253,0.995338261294506,214.512237423673,0.78670647931563
"40","Wooliver_16S_1D12_Beever240927_S92",40,"Wooliver","16S","1D12","Beever240927",NA,"S92",1,"D",12,"45",30689,9.74658531582197,0.999881780391399,8458.8336218851,0.943370738865369
"41","Wooliver_16S_1D2_Beever240927_S12",41,"Wooliver","16S","1D2","Beever240927",NA,"S12",1,"D",2,"47",39801,9.94373972986807,0.99989401820563,9435.58283703851,0.938828440246266
"42","Wooliver_16S_1D3_Beever240927_S20",42,"Wooliver","16S","1D3","Beever240927",NA,"S20",1,"D",3,"79",23620,7.94314752338657,0.995790011405343,237.530334706627,0.788805021067371
"43","Wooliver_16S_1D4_Beever240927_S28",43,"Wooliver","16S","1D4","Beever240927",NA,"S28",1,"D",4,"111",19522,7.86668352609561,0.995835932653484,240.149814300355,0.796279662032114
"44","Wooliver_16S_1D5_Beever240927_S36",44,"Wooliver","16S","1D5","Beever240927",NA,"S36",1,"D",5,"143",18981,8.06446834710284,0.996697407455058,302.792423343772,0.818628538364223
"45","Wooliver_16S_1D6_Beever240927_S44",45,"Wooliver","16S","1D6","Beever240927",NA,"S44",1,"D",6,"16",14733,7.18010939125706,0.992818150921477,139.239907308897,0.748095981495962
"46","Wooliver_16S_1D7_Beever240927_S52",46,"Wooliver","16S","1D7","Beever240927",NA,"S52",1,"D",7,"48",37953,9.85276248650375,0.999880689692818,8381.50553472861,0.934433370947938
"47","Wooliver_16S_1D8_Beever240927_S60",47,"Wooliver","16S","1D8","Beever240927",NA,"S60",1,"D",8,"80",16335,7.35894229285816,0.993828356794626,162.031401803858,0.758570532931655
"48","Wooliver_16S_1D9_Beever240927_S68",48,"Wooliver","16S","1D9","Beever240927",NA,"S68",1,"D",9,"112",10830,7.05764721385745,0.993468908171815,153.113755908996,0.759697521878355
"49","Wooliver_16S_1E1_Beever240927_S5",49,"Wooliver","16S","1.00E+01","Beever240927",NA,"S5",1,"E",1,"19",20504,8.07735609197183,0.996513880041994,286.851861681774,0.813562730446955
"50","Wooliver_16S_1E10_Beever240927_S77",50,"Wooliver","16S","1.00E+10","Beever240927",NA,"S77",1,"E",10,"148",29816,9.5763176438105,0.99981345711015,5360.69748252137,0.929486861218204
"51","Wooliver_16S_1E11_Beever240927_S85",51,"Wooliver","16S","1.00E+11","Beever240927",NA,"S85",1,"E",11,"17",17446,8.14315793501929,0.997121507563653,347.404074220517,0.833753448239677
"52","Wooliver_16S_1E12_Beever240927_S93",52,"Wooliver","16S","1.00E+12","Beever240927",NA,"S93",1,"E",12,"49",12949,7.59147521237356,0.995569218543914,225.693821713191,0.801737937497451
"53","Wooliver_16S_1E2_Beever240927_S13",53,"Wooliver","16S","1.00E+02","Beever240927",NA,"S13",1,"E",2,"51",14773,7.47120742787112,0.99444752272215,180.099791491129,0.778205664613839
"54","Wooliver_16S_1E3_Beever240927_S21",54,"Wooliver","16S","1.00E+03","Beever240927",NA,"S21",1,"E",3,"83",18675,8.02133125999729,0.996589584296208,293.219386389761,0.815595258969069
"55","Wooliver_16S_1E4_Beever240927_S29",55,"Wooliver","16S","1.00E+04","Beever240927",NA,"S29",1,"E",4,"115",21022,7.92095610960398,0.995695941132164,232.338829627318,0.795810071388857
"56","Wooliver_16S_1E5_Beever240927_S37",56,"Wooliver","16S","1.00E+05","Beever240927",NA,"S37",1,"E",5,"147",37084,9.85582797349442,0.999878951952816,8261.18242521321,0.936781992954155
"57","Wooliver_16S_1E6_Beever240927_S45",57,"Wooliver","16S","1.00E+06","Beever240927",NA,"S45",1,"E",6,"20",16218,7.360141801377,0.994124377997547,170.194746970206,0.759256775138069
"58","Wooliver_16S_1E7_Beever240927_S53",58,"Wooliver","16S","1.00E+07","Beever240927",NA,"S53",1,"E",7,"52",11380,6.88838480752266,0.992568420157488,134.56089030755,0.737545016385752
"59","Wooliver_16S_1E8_Beever240927_S61",59,"Wooliver","16S","1.00E+08","Beever240927",NA,"S61",1,"E",8,"84",13772,7.40830553867703,0.994385011226819,178.094746115327,0.777334751581766
"60","Wooliver_16S_1E9_Beever240927_S69",60,"Wooliver","16S","1.00E+09","Beever240927",NA,"S69",1,"E",9,"116",12863,7.24082599227715,0.993768570618537,160.476824623053,0.765244305908022
"61","Wooliver_16S_1F1_Beever240927_S6",61,"Wooliver","16S","1F1","Beever240927",NA,"S6",1,"F",1,"23",18396,8.0130962283314,0.996150369691563,259.765203377695,0.816006842129093
"62","Wooliver_16S_1F10_Beever240927_S78",62,"Wooliver","16S","1F10","Beever240927",NA,"S78",1,"F",10,"152",10056,7.07741689207249,0.993670172479775,157.982187793392,0.767955151962919
"63","Wooliver_16S_1F11_Beever240927_S86",63,"Wooliver","16S","1F11","Beever240927",NA,"S86",1,"F",11,"21",14734,8.02278980501691,0.996954749029999,328.380159747469,0.835888987766922
"64","Wooliver_16S_1F12_Beever240927_S94",64,"Wooliver","16S","1F12","Beever240927",NA,"S94",1,"F",12,"53",15589,7.92945652693355,0.996441313874257,281.002584848988,0.821337583223392
"65","Wooliver_16S_1F2_Beever240927_S14",65,"Wooliver","16S","1F2","Beever240927",NA,"S14",1,"F",2,"55",23242,7.96322460538264,0.995509000731351,222.667593597897,0.792067768262465
"66","Wooliver_16S_1F3_Beever240927_S22",66,"Wooliver","16S","1F3","Beever240927",NA,"S22",1,"F",3,"87",41176,9.95634882864464,0.999889597252825,9057.74562307814,0.937014255210196
"67","Wooliver_16S_1F4_Beever240927_S30",67,"Wooliver","16S","1F4","Beever240927",NA,"S30",1,"F",4,"119",19684,7.97261922004638,0.996445579595115,281.339820868025,0.806328162821332
"68","Wooliver_16S_1F5_Beever240927_S38",68,"Wooliver","16S","1F5","Beever240927",NA,"S38",1,"F",5,"151",18302,7.73857337485677,0.995548267286011,224.631635420878,0.788462371137607
"69","Wooliver_16S_1F6_Beever240927_S46",69,"Wooliver","16S","1F6","Beever240927",NA,"S46",1,"F",6,"24",20930,7.69034847863886,0.99491996952171,196.84921267177,0.772981784419458
"70","Wooliver_16S_1F7_Beever240927_S54",70,"Wooliver","16S","1F7","Beever240927",NA,"S54",1,"F",7,"56",15983,7.27649184617805,0.993606556484468,156.410234574014,0.751759546397457
"71","Wooliver_16S_1F8_Beever240927_S62",71,"Wooliver","16S","1F8","Beever240927",NA,"S62",1,"F",8,"88",30458,9.62468492972261,0.999841091169294,6292.91648273864,0.932253778429585
"72","Wooliver_16S_1F9_Beever240927_S70",72,"Wooliver","16S","1F9","Beever240927",NA,"S70",1,"F",9,"120",14042,7.33953951531455,0.99413345832884,170.458177245389,0.768553611229689
"73","Wooliver_16S_1G1_Beever240927_S7",73,"Wooliver","16S","1G1","Beever240927",NA,"S7",1,"G",1,"27",36272,9.82629929521455,0.9998748520893,7990.5449033138,0.935944870880362
"74","Wooliver_16S_1G10_Beever240927_S79",74,"Wooliver","16S","1G10","Beever240927",NA,"S79",1,"G",10,"156",11793,7.0495804494833,0.992448233829935,132.41935429145,0.751934280881872
"75","Wooliver_16S_1G11_Beever240927_S87",75,"Wooliver","16S","1G11","Beever240927",NA,"S87",1,"G",11,"25",29002,9.64876688252549,0.999862691975259,7282.89553279353,0.939041764457565
"76","Wooliver_16S_1G12_Beever240927_S95",76,"Wooliver","16S","1G12","Beever240927",NA,"S95",1,"G",12,"57",13606,7.78604833143692,0.995698104952265,232.45569427046,0.818011201619595
"77","Wooliver_16S_1G2_Beever240927_S15",77,"Wooliver","16S","1G2","Beever240927",NA,"S15",1,"G",2,"59",22151,8.02445888398007,0.996210710137852,263.901690390398,0.801993730653894
"78","Wooliver_16S_1G3_Beever240927_S23",78,"Wooliver","16S","1G3","Beever240927",NA,"S23",1,"G",3,"91",11220,7.3316211280784,0.994083697557994,169.02448950208,0.786194621032273
"79","Wooliver_16S_1G4_Beever240927_S31",79,"Wooliver","16S","1G4","Beever240927",NA,"S31",1,"G",4,"123",19955,8.00172650302027,0.996201248966755,263.244416717105,0.808154385679306
"80","Wooliver_16S_1G5_Beever240927_S39",80,"Wooliver","16S","1G5","Beever240927",NA,"S39",1,"G",5,"155",14402,7.65924635374181,0.995565905436068,225.525185713042,0.799911067652945
"81","Wooliver_16S_1G6_Beever240927_S47",81,"Wooliver","16S","1G6","Beever240927",NA,"S47",1,"G",6,"28",34579,9.72987918264441,0.999853221758855,6812.99893090406,0.930999662162601
"82","Wooliver_16S_1G7_Beever240927_S55",82,"Wooliver","16S","1G7","Beever240927",NA,"S55",1,"G",7,"60",18531,7.49420865799265,0.994596702400162,185.072167786954,0.76259854700597
"83","Wooliver_16S_1G8_Beever240927_S63",83,"Wooliver","16S","1G8","Beever240927",NA,"S63",1,"G",8,"92",10997,6.9630154717044,0.993049419922937,143.872883833102,0.748278643904105
"84","Wooliver_16S_1G9_Beever240927_S71",84,"Wooliver","16S","1G9","Beever240927",NA,"S71",1,"G",9,"124",9770,7.21678487928438,0.994209615328457,172.700097959726,0.785537011092042
"85","Wooliver_16S_1H1_Beever240927_S8",85,"Wooliver","16S","1H1","Beever240927",NA,"S8",1,"H",1,"31",17624,7.79877515174698,0.995534723708424,223.950307820022,0.797664076957291
"86","Wooliver_16S_1H10_Beever240927_S80",86,"Wooliver","16S","1H10","Beever240927",NA,"S80",1,"H",10,"160",11752,7.09412912487174,0.992921824205978,141.279339352458,0.756967203179591
"87","Wooliver_16S_1H11_Beever240927_S88",87,"Wooliver","16S","1H11","Beever240927",NA,"S88",1,"H",11,"29",14956,7.71024316943278,0.995866025461447,241.897958169364,0.802075228838606
"88","Wooliver_16S_1H12_Beever240927_S96",88,"Wooliver","16S","1H12","Beever240927",NA,"S96",1,"H",12,"61",9023,7.6288548743341,0.996297036787566,270.053992608468,0.837642376333903
"89","Wooliver_16S_1H2_Beever240927_S16",89,"Wooliver","16S","1H2","Beever240927",NA,"S16",1,"H",2,"63",19447,8.03336105799275,0.99640296192939,278.006509903383,0.81346800472268
"90","Wooliver_16S_1H3_Beever240927_S24",90,"Wooliver","16S","1H3","Beever240927",NA,"S24",1,"H",3,"95",18607,7.91709356299561,0.995920099185595,245.103997741643,0.805295239995523
"91","Wooliver_16S_1H4_Beever240927_S32",91,"Wooliver","16S","1H4","Beever240927",NA,"S32",1,"H",4,"127",40324,9.96880882866049,0.999896495773323,9661.44120008136,0.940036667766173
"92","Wooliver_16S_1H5_Beever240927_S40",92,"Wooliver","16S","1H5","Beever240927",NA,"S40",1,"H",5,"159",16947,7.79666953539266,0.995794442206128,237.780586788555,0.800656474802373
"93","Wooliver_16S_1H6_Beever240927_S48",93,"Wooliver","16S","1H6","Beever240927",NA,"S48",1,"H",6,"32",13012,7.0343755010876,0.99265822956921,136.206928482297,0.74252187547001
"94","Wooliver_16S_1H7_Beever240927_S56",94,"Wooliver","16S","1H7","Beever240927",NA,"S56",1,"H",7,"64",18926,7.78148966135693,0.995745780802431,235.060760520167,0.790135967423016
"95","Wooliver_16S_1H8_Beever240927_S64",95,"Wooliver","16S","1H8","Beever240927",NA,"S64",1,"H",8,"96",11876,7.07704896884628,0.992720413732793,137.3704443211,0.754299899825919
"96","Wooliver_16S_1H9_Beever240927_S72",96,"Wooliver","16S","1H9","Beever240927",NA,"S72",1,"H",9,"128",31521,9.68431597499957,0.999861402153691,7215.11933000241,0.93492308743279
"97","Wooliver_16S_2A1_Beever240927_S97",97,"Wooliver","16S","2A1","Beever240927",NA,"S97",2,"A",1,"65",29922,9.72199887372323,0.999879867715617,8324.15703355433,0.943301902014789
"98","Wooliver_16S_2A2_Beever240927_S105",98,"Wooliver","16S","2A2","Beever240927",NA,"S105",2,"A",2,"97",12460,7.62227485831785,0.995284202837983,212.05322571003,0.808276725021967
"99","Wooliver_16S_2A3_Beever240927_S113",99,"Wooliver","16S","2A3","Beever240927",NA,"S113",2,"A",3,"129",16527,7.65408726615382,0.995355836945172,215.324050468108,0.788045273011638
"100","Wooliver_16S_2A4_Beever240927_S121",100,"Wooliver","16S","2A4","Beever240927",NA,"S121",2,"A",4,"2",28495,7.85447789161178,0.995452515789695,219.901808066502,0.765731436557941
"101","Wooliver_16S_2A5_Beever240927_S129",101,"Wooliver","16S","2A5","Beever240927",NA,"S129",2,"A",5,"34",8645,6.99339995657495,0.993213065307016,147.341921682814,0.771495126766993
"102","Wooliver_16S_2A6_Beever240927_S137",102,"Wooliver","16S","2A6","Beever240927",NA,"S137",2,"A",6,"66",35267,9.78416889494642,0.999868703649521,7616.3579288762,0.934432858131111
"103","Wooliver_16S_2A7_Beever240927_S145",103,"Wooliver","16S","2A7","Beever240927",NA,"S145",2,"A",7,"98",7827,6.91986765060159,0.992950797727746,141.860023500249,0.771847117766274
"104","Wooliver_16S_2A8_Beever240927_S153",104,"Wooliver","16S","2A8","Beever240927",NA,"S153",2,"A",8,"130",7020,6.76423427006763,0.992676572478251,136.548084490517,0.763757708217257
"105","Wooliver_16S_2A9_Beever240927_S161",105,"Wooliver","16S","2A9","Beever240927",NA,"S161",2,"A",9,"baseline1",27733,9.57988176476354,0.999766561442605,4283.78247003439,0.936415200513472
"106","Wooliver_16S_2B1_Beever240927_S98",106,"Wooliver","16S","2B1","Beever240927",NA,"S98",2,"B",1,"69",20140,7.96642373651057,0.996478398295278,283.96169807029,0.803839699805558
"107","Wooliver_16S_2B2_Beever240927_S106",107,"Wooliver","16S","2B2","Beever240927",NA,"S106",2,"B",2,"101",24626,8.31091735406467,0.997060914800418,340.241922943314,0.821922525979915
"108","Wooliver_16S_2B3_Beever240927_S114",108,"Wooliver","16S","2B3","Beever240927",NA,"S114",2,"B",3,"133",17092,7.88895217998861,0.996130721385091,258.446108312526,0.809425004611255
"109","Wooliver_16S_2B4_Beever240927_S122",109,"Wooliver","16S","2B4","Beever240927",NA,"S122",2,"B",4,"6",35993,9.81161964581356,0.9998785329232,8232.68350849029,0.935234492139976
"110","Wooliver_16S_2B5_Beever240927_S130",110,"Wooliver","16S","2B5","Beever240927",NA,"S130",2,"B",5,"38",15662,7.35303314876472,0.994157328619686,171.154585789186,0.761262938687139
"111","Wooliver_16S_2B6_Beever240927_S138",111,"Wooliver","16S","2B6","Beever240927",NA,"S138",2,"B",6,"70",15266,7.27628730546114,0.994111737133773,169.829374591217,0.755320015201158
"112","Wooliver_16S_2B7_Beever240927_S146",112,"Wooliver","16S","2B7","Beever240927",NA,"S146",2,"B",7,"102",18029,7.64052705201849,0.994968855149944,198.761917973561,0.779666553068319
"113","Wooliver_16S_2B8_Beever240927_S154",113,"Wooliver","16S","2B8","Beever240927",NA,"S154",2,"B",8,"134",19088,7.30256871320883,0.993275089271216,148.700858692408,0.740864935202101
"114","Wooliver_16S_2B9_Beever240927_S162",114,"Wooliver","16S","2B9","Beever240927",NA,"S162",2,"B",9,"baseline2",29182,9.70445151002536,0.999880234095795,8349.62176119625,0.943892753167483
"115","Wooliver_16S_2C1_Beever240927_S99",115,"Wooliver","16S","2C1","Beever240927",NA,"S99",2,"C",1,"73",35044,8.2644327814147,0.996333080185679,272.708444862763,0.789769562902366
"116","Wooliver_16S_2C2_Beever240927_S107",116,"Wooliver","16S","2C2","Beever240927",NA,"S107",2,"C",2,"105",36083,9.87405394375363,0.999892216993668,9277.90042260854,0.940961678893382
"117","Wooliver_16S_2C3_Beever240927_S115",117,"Wooliver","16S","2C3","Beever240927",NA,"S115",2,"C",3,"137",19283,8.15467110036508,0.997103092554724,345.195702275726,0.826460760686327
"118","Wooliver_16S_2C4_Beever240927_S123",118,"Wooliver","16S","2C4","Beever240927",NA,"S123",2,"C",4,"10",17895,7.34039443666785,0.994056017716396,168.237378963659,0.749610608351973
"119","Wooliver_16S_2C5_Beever240927_S131",119,"Wooliver","16S","2C5","Beever240927",NA,"S131",2,"C",5,"42",20581,7.66837638489107,0.99511123365798,204.550581893177,0.772078227621654
"120","Wooliver_16S_2C6_Beever240927_S139",120,"Wooliver","16S","2C6","Beever240927",NA,"S139",2,"C",6,"74",13346,7.19667129888624,0.993568871748625,155.493711354015,0.757626330916485
"121","Wooliver_16S_2C7_Beever240927_S147",121,"Wooliver","16S","2C7","Beever240927",NA,"S147",2,"C",7,"106",35749,9.82852870589188,0.999881481048929,8437.469206087,0.937454072054448
"122","Wooliver_16S_2C8_Beever240927_S155",122,"Wooliver","16S","2C8","Beever240927",NA,"S155",2,"C",8,"138",16753,7.44614314292128,0.994428295170803,179.478280105544,0.765565339936165
"123","Wooliver_16S_2C9_Beever240927_S163",123,"Wooliver","16S","2C9","Beever240927",NA,"S163",2,"C",9,"baseline3",24151,9.52317725541254,0.999855893560542,6939.31516012742,0.943628691946412
"124","Wooliver_16S_2D1_Beever240927_S100",124,"Wooliver","16S","2D1","Beever240927",NA,"S100",2,"D",1,"77",17524,7.95579854141275,0.996478059391941,283.934373484796,0.814198401839412
"125","Wooliver_16S_2D2_Beever240927_S108",125,"Wooliver","16S","2D2","Beever240927",NA,"S108",2,"D",2,"109",18828,7.84649010098393,0.99599104255679,249.441410682428,0.797156361320288
"126","Wooliver_16S_2D3_Beever240927_S116",126,"Wooliver","16S","2D3","Beever240927",NA,"S116",2,"D",3,"141",20052,8.17148068320274,0.99698455611965,331.626135215542,0.824895138790984
"127","Wooliver_16S_2D4_Beever240927_S124",127,"Wooliver","16S","2D4","Beever240927",NA,"S124",2,"D",4,"14",17021,7.26985068599241,0.993455174855993,152.792470080846,0.746222447886913
"128","Wooliver_16S_2D5_Beever240927_S132",128,"Wooliver","16S","2D5","Beever240927",NA,"S132",2,"D",5,"46",22027,9.29905551500072,0.999780688990439,4559.73460704899,0.929903296244277
"129","Wooliver_16S_2D6_Beever240927_S140",129,"Wooliver","16S","2D6","Beever240927",NA,"S140",2,"D",6,"78",13628,7.31298989829941,0.994087860317126,169.143500262138,0.768180747223095
"130","Wooliver_16S_2D7_Beever240927_S148",130,"Wooliver","16S","2D7","Beever240927",NA,"S148",2,"D",7,"110",14498,7.10750060574494,0.993157074398572,146.13632505244,0.741773553512939
"131","Wooliver_16S_2D8_Beever240927_S156",131,"Wooliver","16S","2D8","Beever240927",NA,"S156",2,"D",8,"142",16588,7.62730448311738,0.995220221300543,209.214706972426,0.784990032181873
"132","Wooliver_16S_2D9_Beever240927_S164",132,"Wooliver","16S","2D9","Beever240927",NA,"S164",2,"D",9,"baseline4",36609,9.92049761020832,0.99990336327131,10348.0324050456,0.944085552062017
"133","Wooliver_16S_2E1_Beever240927_S101",133,"Wooliver","16S","2.00E+01","Beever240927",NA,"S101",2,"E",1,"81",18835,8.04244669809144,0.996707193107931,303.692270083777,0.817033522312488
"134","Wooliver_16S_2E2_Beever240927_S109",134,"Wooliver","16S","2.00E+02","Beever240927",NA,"S109",2,"E",2,"113",17631,7.83801002433686,0.995793412227202,237.722366443076,0.801644486785567
"135","Wooliver_16S_2E3_Beever240927_S117",135,"Wooliver","16S","2.00E+03","Beever240927",NA,"S117",2,"E",3,"145",39738,9.97373940917083,0.999903810892064,10396.1874837704,0.941801690167695
"136","Wooliver_16S_2E4_Beever240927_S125",136,"Wooliver","16S","2.00E+04","Beever240927",NA,"S125",2,"E",4,"18",16715,7.22089369753607,0.993322013793524,149.745742066719,0.742579988373471
"137","Wooliver_16S_2E5_Beever240927_S133",137,"Wooliver","16S","2.00E+05","Beever240927",NA,"S133",2,"E",5,"50",12785,6.9710242996915,0.993156151449024,146.116617361057,0.73720428730339
"138","Wooliver_16S_2E6_Beever240927_S141",138,"Wooliver","16S","2.00E+06","Beever240927",NA,"S141",2,"E",6,"82",16897,7.58574328414073,0.99506248273274,202.530937285191,0.779232453197852
"139","Wooliver_16S_2E7_Beever240927_S149",139,"Wooliver","16S","2.00E+07","Beever240927",NA,"S149",2,"E",7,"114",17504,7.32102514778233,0.993354287316042,150.472951142446,0.749323105823125
"140","Wooliver_16S_2E8_Beever240927_S157",140,"Wooliver","16S","2.00E+08","Beever240927",NA,"S157",2,"E",8,"146",23767,9.47709159616962,0.999843309194536,6381.99540196537,0.940555917448084
"141","Wooliver_16S_2F1_Beever240927_S102",141,"Wooliver","16S","2F1","Beever240927",NA,"S102",2,"F",1,"85",39536,9.94290550001047,0.999891619302342,9226.73521769837,0.939342141305549
"142","Wooliver_16S_2F2_Beever240927_S110",142,"Wooliver","16S","2F2","Beever240927",NA,"S110",2,"F",2,"117",19231,7.98156561397488,0.996443756968535,281.195630093965,0.809138280050131
"143","Wooliver_16S_2F3_Beever240927_S118",143,"Wooliver","16S","2F3","Beever240927",NA,"S118",2,"F",3,"149",13701,7.63968221424148,0.995548693035104,224.653120507353,0.802047503822529
"144","Wooliver_16S_2F4_Beever240927_S126",144,"Wooliver","16S","2F4","Beever240927",NA,"S126",2,"F",4,"22",13696,7.50222452214388,0.994484634793668,181.311656180446,0.787646771952634
"145","Wooliver_16S_2F5_Beever240927_S134",145,"Wooliver","16S","2F5","Beever240927",NA,"S134",2,"F",5,"54",17438,7.42007693609284,0.994300900138924,175.466305974008,0.759755038571
"146","Wooliver_16S_2F6_Beever240927_S142",146,"Wooliver","16S","2F6","Beever240927",NA,"S142",2,"F",6,"86",25887,9.51820157921656,0.999841495315518,6308.96180303142,0.936692923969361
"147","Wooliver_16S_2F7_Beever240927_S150",147,"Wooliver","16S","2F7","Beever240927",NA,"S150",2,"F",7,"118",8252,7.02937644589949,0.993766548383737,160.424763287003,0.779464634833122
"148","Wooliver_16S_2F8_Beever240927_S158",148,"Wooliver","16S","2F8","Beever240927",NA,"S158",2,"F",8,"150",13674,7.10338810630228,0.993355173892418,150.493027779769,0.745899455395115
"149","Wooliver_16S_2G1_Beever240927_S103",149,"Wooliver","16S","2G1","Beever240927",NA,"S103",2,"G",1,"89",19463,7.79332901331152,0.995783737179808,237.176865543331,0.789096350528828
"150","Wooliver_16S_2G2_Beever240927_S111",150,"Wooliver","16S","2G2","Beever240927",NA,"S111",2,"G",2,"121",21169,8.08824859346772,0.99659443056956,293.636650323952,0.812049253055019
"151","Wooliver_16S_2G3_Beever240927_S119",151,"Wooliver","16S","2G3","Beever240927",NA,"S119",2,"G",3,"153",16048,7.76871348959986,0.995753479263764,235.486899067038,0.80227626857607
"152","Wooliver_16S_2G4_Beever240927_S127",152,"Wooliver","16S","2G4","Beever240927",NA,"S127",2,"G",4,"26",19108,9.28234910444476,0.999817720579281,5486.08282852638,0.941618857293723
"153","Wooliver_16S_2G5_Beever240927_S135",153,"Wooliver","16S","2G5","Beever240927",NA,"S135",2,"G",5,"58",22148,7.66913033295567,0.995095392526062,203.889914802316,0.76649127316317
"154","Wooliver_16S_2G6_Beever240927_S143",154,"Wooliver","16S","2G6","Beever240927",NA,"S143",2,"G",6,"90",11273,6.96176823146889,0.993235299844953,147.826212112872,0.746156971567553
"155","Wooliver_16S_2G7_Beever240927_S151",155,"Wooliver","16S","2G7","Beever240927",NA,"S151",2,"G",7,"122",9520,7.11665110868498,0.99365218820207,157.534601187468,0.776829438380281
"156","Wooliver_16S_2G8_Beever240927_S159",156,"Wooliver","16S","2G8","Beever240927",NA,"S159",2,"G",8,"154",14100,7.26601334885434,0.993764264983053,160.366018966858,0.760526117605615
"157","Wooliver_16S_2H1_Beever240927_S104",157,"Wooliver","16S","2H1","Beever240927",NA,"S104",2,"H",1,"93",13447,7.60800103176564,0.995493894292788,221.921114367024,0.8002936915778
"158","Wooliver_16S_2H2_Beever240927_S112",158,"Wooliver","16S","2H2","Beever240927",NA,"S112",2,"H",2,"125",28579,9.66827498054147,0.999871363141449,7773.82168114121,0.942287737713015
"159","Wooliver_16S_2H3_Beever240927_S120",159,"Wooliver","16S","2H3","Beever240927",NA,"S120",2,"H",3,"157",15613,7.81628972923854,0.996059951737235,253.803997644009,0.809486715154194
"160","Wooliver_16S_2H4_Beever240927_S128",160,"Wooliver","16S","2H4","Beever240927",NA,"S128",2,"H",4,"30",12307,7.10415372716004,0.993488068357034,153.564265540187,0.754322727121842
"161","Wooliver_16S_2H5_Beever240927_S136",161,"Wooliver","16S","2H5","Beever240927",NA,"S136",2,"H",5,"62",12416,7.51592627414128,0.995390251242778,216.931562361903,0.797298459866225
"162","Wooliver_16S_2H6_Beever240927_S144",162,"Wooliver","16S","2H6","Beever240927",NA,"S144",2,"H",6,"94",10165,7.13993532823087,0.994131583434748,170.403717745797,0.77383364552994
"163","Wooliver_16S_2H7_Beever240927_S152",163,"Wooliver","16S","2H7","Beever240927",NA,"S152",2,"H",7,"126",23759,9.45747922018679,0.999841814375889,6321.68697770054,0.938640844697491
"164","Wooliver_16S_2H8_Beever240927_S160",164,"Wooliver","16S","2H8","Beever240927",NA,"S160",2,"H",8,"158",11039,7.11453966794876,0.993513057961083,154.155840147902,0.764249077491864
