"","Wooliver_16S_1A1_Beever240927_S1","Wooliver_16S_1A11_Beever240927_S81","Wooliver_16S_1A12_Beever240927_S89","Wooliver_16S_1A2_Beever240927_S9","Wooliver_16S_1A3_Beever240927_S17","Wooliver_16S_1A4_Beever240927_S25","Wooliver_16S_1A5_Beever240927_S33","Wooliver_16S_1B1_Beever240927_S2","Wooliver_16S_1B11_Beever240927_S82","Wooliver_16S_1B12_Beever240927_S90","Wooliver_16S_1B2_Beever240927_S10","Wooliver_16S_1B3_Beever240927_S18","Wooliver_16S_1B4_Beever240927_S26","Wooliver_16S_1B5_Beever240927_S34","Wooliver_16S_1C1_Beever240927_S3","Wooliver_16S_1C11_Beever240927_S83","Wooliver_16S_1C12_Beever240927_S91","Wooliver_16S_1C2_Beever240927_S11","Wooliver_16S_1C3_Beever240927_S19","Wooliver_16S_1C4_Beever240927_S27","Wooliver_16S_1C5_Beever240927_S35","Wooliver_16S_1D1_Beever240927_S4","Wooliver_16S_1D11_Beever240927_S84","Wooliver_16S_1D12_Beever240927_S92","Wooliver_16S_1D2_Beever240927_S12","Wooliver_16S_1D3_Beever240927_S20","Wooliver_16S_1D4_Beever240927_S28","Wooliver_16S_1D5_Beever240927_S36","Wooliver_16S_1E1_Beever240927_S5","Wooliver_16S_1E11_Beever240927_S85","Wooliver_16S_1E12_Beever240927_S93","Wooliver_16S_1E2_Beever240927_S13","Wooliver_16S_1E3_Beever240927_S21","Wooliver_16S_1E4_Beever240927_S29","Wooliver_16S_1E5_Beever240927_S37","Wooliver_16S_1F1_Beever240927_S6","Wooliver_16S_1F11_Beever240927_S86","Wooliver_16S_1F12_Beever240927_S94","Wooliver_16S_1F2_Beever240927_S14","Wooliver_16S_1F3_Beever240927_S22","Wooliver_16S_1F4_Beever240927_S30","Wooliver_16S_1F5_Beever240927_S38","Wooliver_16S_1G1_Beever240927_S7","Wooliver_16S_1G11_Beever240927_S87","Wooliver_16S_1G12_Beever240927_S95","Wooliver_16S_1G2_Beever240927_S15","Wooliver_16S_1G3_Beever240927_S23","Wooliver_16S_1G4_Beever240927_S31","Wooliver_16S_1G5_Beever240927_S39","Wooliver_16S_1H1_Beever240927_S8","Wooliver_16S_1H11_Beever240927_S88","Wooliver_16S_1H12_Beever240927_S96","Wooliver_16S_1H2_Beever240927_S16","Wooliver_16S_1H3_Beever240927_S24","Wooliver_16S_1H4_Beever240927_S32","Wooliver_16S_1H5_Beever240927_S40","Wooliver_16S_2A1_Beever240927_S97","Wooliver_16S_2A2_Beever240927_S105","Wooliver_16S_2A3_Beever240927_S113","Wooliver_16S_2B1_Beever240927_S98","Wooliver_16S_2B2_Beever240927_S106","Wooliver_16S_2B3_Beever240927_S114","Wooliver_16S_2C1_Beever240927_S99","Wooliver_16S_2C2_Beever240927_S107","Wooliver_16S_2C3_Beever240927_S115","Wooliver_16S_2D1_Beever240927_S100","Wooliver_16S_2D2_Beever240927_S108","Wooliver_16S_2D3_Beever240927_S116","Wooliver_16S_2E1_Beever240927_S101","Wooliver_16S_2E2_Beever240927_S109","Wooliver_16S_2E3_Beever240927_S117","Wooliver_16S_2F1_Beever240927_S102","Wooliver_16S_2F2_Beever240927_S110","Wooliver_16S_2F3_Beever240927_S118","Wooliver_16S_2G1_Beever240927_S103","Wooliver_16S_2G2_Beever240927_S111","Wooliver_16S_2G3_Beever240927_S119","Wooliver_16S_2H1_Beever240927_S104","Wooliver_16S_2H2_Beever240927_S112","Wooliver_16S_2H3_Beever240927_S120"
"k__Bacteria|",5780,4524,2459,3703,13866,5831,4375,16212,15198,3294,5035,3818,4278,6016,3133,2123,2554,3770,5468,16487,7850,4057,5259,12153,17295,5021,4441,3993,5397,4525,2829,3403,4811,4973,15874,3982,3224,3869,6286,20958,4632,3913,15445,11456,3569,6343,2486,4944,2934,3735,2792,1935,4688,5309,19938,3788,11673,2830,3673,4483,5407,4185,11251,14249,5086,4149,4642,4614,4993,3796,17650,18401,4237,2525,4793,4950,3783,3344,12257,3559
"k__Bacteria|p__Acidobacteria|",398,270,230,260,1593,492,267,1803,1850,189,419,303,293,439,200,160,175,181,376,1906,590,413,434,1153,2050,339,377,189,415,364,240,237,321,395,1681,291,232,339,401,2585,416,312,1902,1143,315,447,164,265,284,333,185,151,272,557,2161,280,1194,228,310,279,339,303,919,1575,401,331,342,361,226,310,2032,2250,436,166,367,293,295,251,1249,289
"k__Bacteria|p__Acidobacteria|c__Acidobacteria_Gp1|",115,133,75,165,559,168,187,694,693,50,116,101,134,113,109,62,32,79,124,783,181,96,118,400,668,108,129,61,87,154,138,107,165,158,682,113,54,114,120,809,126,104,683,478,55,178,44,180,98,159,54,32,69,131,837,147,436,96,86,130,102,48,283,565,117,84,89,149,115,88,692,723,83,79,139,158,104,42,453,106
"k__Bacteria|p__Acidobacteria|c__Acidobacteria_Gp1|o__Candidatus_Koribacter|",123,104,26,73,418,140,151,550,480,46,81,67,44,195,65,54,36,99,121,654,192,63,94,352,626,51,150,38,57,96,26,81,116,84,534,53,40,90,77,699,66,83,676,364,45,171,68,124,102,67,58,23,78,89,624,146,298,47,88,87,124,76,173,504,136,110,62,84,99,35,546,615,114,39,138,89,76,41,541,105
"k__Bacteria|p__Acidobacteria|c__Acidobacteria_Gp1|o__Gp1|",463,567,243,474,2314,647,633,2828,2184,332,549,430,415,737,520,290,229,371,507,2930,907,420,564,2259,2941,558,546,359,426,453,298,409,540,562,2770,474,274,385,670,3826,496,490,2965,2107,281,679,278,561,344,536,289,142,406,549,3531,495,2039,294,479,550,673,348,1170,2320,528,438,409,486,495,313,2662,3170,415,260,641,493,355,290,2200,297
"k__Bacteria|p__Acidobacteria|c__Acidobacteria_Gp1|o__Occallatibacter|",215,180,122,230,1055,337,363,1216,1247,98,306,159,163,308,301,131,127,165,213,1311,372,208,187,956,1403,168,249,172,196,237,149,175,246,229,1312,171,142,198,203,1817,342,206,1272,1048,183,323,143,271,140,257,150,81,199,275,1554,215,903,109,221,235,283,145,415,1147,241,261,157,177,164,171,1245,1446,202,88,272,156,130,160,1006,226
"k__Bacteria|p__Acidobacteria|c__Acidobacteria_Gp10|o__Gp10|",308,216,224,1047,1446,859,235,2434,1349,237,634,257,219,532,136,93,83,209,458,1497,910,348,1602,1189,1689,347,233,201,536,529,201,165,194,399,1462,224,173,335,1065,1630,485,434,1503,1159,273,539,132,242,358,440,162,89,374,514,1957,342,1051,240,229,432,222,455,983,1475,406,443,251,217,163,320,1791,1831,275,413,259,250,372,278,858,386
"k__Bacteria|p__Acidobacteria|c__Acidobacteria_Gp16|o__Gp16|",564,546,337,333,1353,464,399,1253,1179,376,443,370,362,771,317,232,238,404,580,1724,652,451,688,1108,1391,492,538,431,425,402,346,341,473,491,1791,384,361,431,645,1460,382,524,1416,1224,200,393,163,478,354,389,360,171,459,481,1485,360,1373,254,392,624,589,431,1110,1781,524,422,513,606,529,436,1690,1445,434,328,555,535,501,289,843,348
"k__Bacteria|p__Acidobacteria|c__Acidobacteria_Gp17|o__Gp17|",78,94,68,71,560,131,73,584,620,60,116,64,61,163,46,31,30,60,85,651,210,123,122,539,719,79,75,59,111,104,63,43,79,117,661,59,31,107,132,1001,104,70,521,412,64,107,15,67,56,43,22,4,71,87,832,83,394,38,57,127,100,104,273,624,141,74,95,64,67,103,725,835,62,38,66,87,92,70,418,76
"k__Bacteria|p__Acidobacteria|c__Acidobacteria_Gp2|o__Gp2|",53,39,21,30,622,156,90,389,340,47,104,45,26,111,78,27,42,58,61,247,121,61,61,327,364,78,43,30,123,110,27,39,56,77,448,40,33,38,137,446,132,39,444,222,55,116,59,39,35,44,41,31,74,61,441,62,232,88,35,56,35,61,149,279,95,76,38,26,46,43,493,405,49,16,59,119,26,38,283,102
"k__Bacteria|p__Acidobacteria|c__Acidobacteria_Gp22|o__Gp22|",55,35,24,28,356,68,34,412,546,32,53,60,30,82,25,20,21,32,69,448,67,135,75,333,542,43,31,18,57,82,32,26,25,64,394,18,18,80,117,706,37,27,292,284,70,61,36,49,35,40,19,10,57,92,823,65,264,37,34,79,47,50,164,379,70,77,22,35,31,41,497,601,46,35,43,58,66,64,303,39
"k__Bacteria|p__Acidobacteria|c__Acidobacteria_Gp25|o__Gp25|",49,60,34,50,294,126,18,346,361,27,62,23,16,63,31,19,19,24,74,328,117,81,47,284,395,17,55,31,71,73,27,32,35,84,318,28,39,58,56,508,69,33,420,275,64,60,21,27,41,30,32,27,72,84,514,59,233,25,67,41,51,48,153,340,92,44,53,41,13,69,532,441,61,41,21,31,32,72,324,87
"k__Bacteria|p__Acidobacteria|c__Acidobacteria_Gp3|",131,82,39,89,353,63,107,364,354,73,121,104,107,75,66,53,44,101,80,407,131,72,90,215,377,59,118,44,71,94,53,78,127,140,382,35,64,52,106,544,117,55,403,234,86,99,58,89,43,79,86,42,62,111,501,105,225,50,89,110,115,63,184,240,91,83,88,96,110,56,392,476,59,75,110,56,48,62,313,75
"k__Bacteria|p__Acidobacteria|c__Acidobacteria_Gp3|o__Candidatus_Solibacter|",780,671,430,835,2573,953,911,2661,2521,653,967,781,676,945,684,379,351,617,979,3006,1370,792,806,1870,3871,978,843,575,834,839,447,619,760,1074,3159,772,549,657,1071,4004,1063,697,3161,1920,599,1190,532,686,606,831,500,331,682,946,3506,739,2075,501,650,693,912,675,2024,2931,827,723,727,679,735,685,3386,3209,845,509,776,905,658,639,2233,793
"k__Bacteria|p__Acidobacteria|c__Acidobacteria_Gp3|o__Gp3|",936,857,504,852,2104,767,727,2636,1960,452,893,682,902,909,570,363,492,670,954,2598,1019,768,809,1783,2927,847,812,788,727,677,481,595,838,972,2316,865,649,646,1155,3019,753,684,2531,1763,427,860,544,871,590,699,598,361,963,888,3063,742,1617,410,664,971,1044,603,1798,2043,613,567,730,872,831,548,2426,2556,595,393,703,886,605,438,1672,532
"k__Bacteria|p__Acidobacteria|c__Acidobacteria_Gp4|o__Gp4|",1958,1603,955,1620,7032,2023,1686,6894,6141,1190,1832,1246,1464,2445,1264,869,822,1611,2211,7812,2549,1623,2037,6088,7573,1571,1919,1388,1532,1671,939,1319,1709,2170,7976,1435,1303,1699,2092,9126,1798,1646,8034,5542,1288,1926,721,1707,1251,1601,1110,951,1740,2363,8210,1533,6033,1190,1411,1747,2092,1469,4137,7002,2206,1730,1609,1877,1575,1755,7861,8134,1531,1035,1728,1913,1550,1446,5729,1396
"k__Bacteria|p__Acidobacteria|c__Acidobacteria_Gp5|o__Gp5|",420,350,159,349,2299,709,383,2572,2318,297,510,295,336,466,299,221,224,286,461,2708,824,367,475,1721,3111,489,329,235,576,470,256,323,396,402,2329,297,206,369,553,3351,541,310,2902,1902,405,747,210,355,296,407,191,147,355,524,3464,456,1731,356,258,432,385,331,858,2166,598,472,316,262,362,327,2959,2982,408,201,391,352,229,306,1858,382
"k__Bacteria|p__Acidobacteria|c__Acidobacteria_Gp6|o__Gp6|",2095,1775,1333,1728,7657,2466,1547,7252,7133,1396,2053,1811,1731,2741,1226,866,850,1326,2771,9718,3468,2223,2325,5725,9912,1867,1909,1655,2089,2140,1020,1194,1705,2657,8859,1831,1340,1814,3179,9874,2078,1759,8626,6225,1328,2490,944,1773,1681,1761,1423,663,1911,2314,10367,1793,6166,1127,1316,2299,2570,2113,5527,8588,2203,1727,1955,1737,1690,1991,9362,8982,1792,1065,1663,1936,1914,1347,5388,1652
"k__Bacteria|p__Acidobacteria|c__Acidobacteria_Gp7|o__Gp7|",192,155,125,165,1173,298,251,1345,1166,109,235,184,197,273,112,86,81,127,236,1630,388,233,217,858,1230,227,190,124,188,238,138,100,215,216,1367,124,84,239,236,1518,248,154,1464,1009,156,271,48,221,135,154,111,83,176,254,1488,212,1001,168,123,186,401,127,512,1163,210,163,211,170,84,189,1404,1635,210,77,189,192,187,150,802,188
"k__Bacteria|p__Acidobacteria|c__Blastocatellia|o__Blastocatellales|f__Blastocatellaceae|g__Stenotrophobacter|",196,171,115,159,246,223,135,291,287,108,176,139,131,212,105,54,75,97,255,562,210,171,151,270,513,128,157,170,148,131,104,105,130,245,475,173,100,127,199,460,148,164,376,312,105,148,49,165,127,123,131,57,211,190,416,114,274,69,135,172,156,170,374,345,148,87,146,162,167,132,367,309,171,99,137,214,166,109,221,124
"k__Bacteria|p__Acidobacteria|c__Vicinamibacteria|o__Vicinamibacterales|f__Vicinamibacteraceae|",306,301,251,313,1038,330,251,1047,1098,150,399,310,375,477,238,164,93,246,467,1726,402,294,406,658,1431,298,380,301,250,329,136,247,238,301,1350,299,197,279,396,1584,307,246,1277,858,277,370,69,318,294,330,254,123,324,501,1270,350,984,176,235,297,423,280,835,1136,374,237,258,359,256,295,1497,1493,225,188,254,348,252,271,825,237
"k__Bacteria|p__Acidobacteria|c__Vicinamibacteria|o__Vicinamibacterales|f__Vicinamibacteraceae|g__Luteitalea|",577,331,455,558,2223,618,315,2193,2399,320,543,469,422,652,324,142,222,328,669,2597,913,729,523,1353,2523,550,440,422,576,648,214,328,290,799,2620,474,352,496,809,3042,708,440,2256,1612,439,764,219,400,486,417,298,164,447,654,2754,415,1692,288,311,458,603,455,1340,2138,552,442,445,507,270,563,2593,2358,590,219,305,494,500,409,1515,466
"k__Bacteria|p__Acidobacteria|c__Vicinamibacteria|o__Vicinamibacterales|f__Vicinamibacteraceae|g__Vicinamibacter|",346,217,232,363,939,334,182,981,985,213,460,273,195,357,143,117,147,183,395,1381,494,387,317,706,1287,295,283,256,399,346,83,173,192,544,1314,345,165,273,425,1213,308,249,943,829,203,384,94,227,311,238,179,130,294,419,1129,306,751,193,178,276,484,303,799,1053,330,228,284,215,252,334,1289,1122,294,134,221,365,340,243,632,278
"k__Bacteria|p__Actinobacteria|",961,739,464,742,3431,1000,792,3309,3336,650,1104,741,858,1192,613,480,356,575,896,4129,1240,774,895,2217,3632,872,888,713,747,678,513,582,752,886,4177,680,505,694,1044,4076,868,744,3891,3031,578,873,328,712,592,678,457,337,766,756,4028,630,2693,471,437,769,949,629,1730,3854,868,722,579,838,644,662,4069,3404,757,577,663,1006,568,532,2116,669
"k__Bacteria|p__Actinobacteria|c__Acidimicrobiia|o__Acidimicrobiales|",776,573,324,624,2333,646,655,2333,2172,549,720,593,574,861,487,298,397,505,674,2802,1021,645,832,1645,2672,626,638,657,599,516,370,441,609,769,2559,642,449,502,884,2615,629,619,2616,1963,406,729,304,680,409,548,458,232,640,646,2585,385,1719,364,497,649,919,531,1405,2611,629,494,590,693,557,506,2704,2289,556,361,540,712,572,482,1470,537
"k__Bacteria|p__Actinobacteria|c__Acidimicrobiia|o__Acidimicrobiales|f__Acidimicrobiaceae|g__Acidiferrimicrobium|",238,206,159,171,908,204,145,738,783,152,209,168,240,340,140,87,142,205,161,1061,320,203,231,583,749,246,233,197,212,203,84,150,156,262,985,179,176,256,206,963,286,155,882,802,185,209,84,158,143,194,191,109,279,226,925,179,656,91,118,181,229,144,377,931,193,197,190,157,162,130,1097,771,158,134,175,187,118,134,566,169
"k__Bacteria|p__Actinobacteria|c__Acidimicrobiia|o__Acidimicrobiales|f__Acidimicrobiales_incertae_sedis|g__Aciditerrimonas|",332,319,157,216,965,324,265,1026,851,185,334,242,230,464,209,146,143,200,315,1315,391,252,321,782,1181,330,233,290,257,211,199,207,247,275,1096,227,237,224,382,1255,253,206,1186,824,143,309,120,261,208,234,170,102,230,278,1116,206,828,142,202,327,398,303,588,1044,231,186,237,269,271,231,1305,1060,229,177,258,318,135,170,698,178
"k__Bacteria|p__Actinobacteria|c__Acidimicrobiia|o__Acidimicrobiales|f__Iamiaceae|",282,306,165,200,848,325,192,693,694,230,345,253,226,392,166,108,97,223,310,1259,422,229,350,673,1057,287,275,288,220,195,90,172,151,310,1087,250,167,188,301,986,280,201,953,759,144,269,89,293,158,141,175,89,218,233,998,201,640,77,148,261,348,211,690,849,241,158,254,301,192,205,1094,795,174,123,193,331,175,155,521,187
"k__Bacteria|p__Actinobacteria|c__Acidimicrobiia|o__Acidimicrobiales|f__Iamiaceae|g__Actinomarinicola|",412,461,207,283,1128,373,384,1278,936,290,381,384,462,641,275,239,155,268,409,1602,539,432,545,927,1285,401,330,443,419,266,241,289,363,381,1471,442,248,331,567,1454,290,375,1459,1169,227,451,141,416,233,316,274,152,499,461,1326,289,965,134,242,424,603,319,705,1244,281,214,326,423,373,260,1383,1145,352,194,299,494,229,238,709,200
"k__Bacteria|p__Actinobacteria|c__Acidimicrobiia|o__Acidimicrobiales|f__Iamiaceae|g__Aquihabitans|",135,150,104,74,347,129,110,272,325,95,194,123,162,315,111,63,76,58,151,988,244,130,246,337,481,178,83,250,87,78,75,106,173,188,593,151,111,143,168,490,89,124,465,449,114,141,51,146,121,121,112,40,145,109,436,86,413,78,95,167,245,135,381,515,88,130,127,175,141,126,592,390,80,73,116,214,133,114,234,74
"k__Bacteria|p__Actinobacteria|c__Acidimicrobiia|o__Acidimicrobiales|f__Ilumatobacteraceae|g__Desertimonas|",427,306,311,373,890,319,260,764,882,389,403,302,435,466,194,129,141,266,389,1374,496,273,381,554,967,399,360,457,312,268,136,164,265,425,1151,387,261,294,495,902,261,279,1070,841,227,282,165,304,326,299,245,175,433,277,992,270,689,124,200,294,494,302,742,936,265,241,283,416,230,266,1198,882,396,190,218,444,325,160,431,235
"k__Bacteria|p__Actinobacteria|c__Acidimicrobiia|o__Acidimicrobiales|f__Ilumatobacteraceae|g__Ilumatobacter|",366,371,321,391,829,372,255,742,799,286,433,351,332,531,199,173,192,274,451,1411,563,356,407,551,928,556,368,482,383,330,204,216,335,419,1143,527,268,384,483,802,321,337,992,1169,218,314,134,361,357,245,274,165,528,346,939,274,742,147,254,355,569,409,867,881,393,218,316,492,362,344,1109,829,336,201,216,493,331,286,465,263
"k__Bacteria|p__Actinobacteria|c__Actinobacteria|",1788,2013,892,1722,5506,2047,1648,5425,4996,1613,2134,1532,1698,2402,1413,1049,991,1388,1642,7274,2602,1535,2004,4109,6104,2255,1856,1651,1632,1354,933,1364,1748,1561,7296,1757,1304,1186,1928,6898,1883,1757,6503,5292,1043,1836,739,1867,1329,1377,1227,588,1602,1563,6763,1419,4709,935,1226,1509,1990,1367,3543,6428,1653,1408,1538,1840,1610,1203,7126,6162,1713,859,1770,1876,1010,1030,3882,1353
"k__Bacteria|p__Actinobacteria|c__Actinobacteria|o__Frankiales|f__Frankiaceae|g__Jatrophihabitans|",311,344,126,313,993,405,371,878,886,270,380,249,299,311,218,155,207,289,275,1296,579,247,290,682,1043,525,425,360,377,302,181,241,380,320,1174,294,171,205,360,1211,478,270,1174,976,152,421,134,336,272,288,244,112,277,257,972,267,817,208,277,430,380,211,686,1219,397,386,336,321,280,238,1359,1159,382,252,379,370,247,195,697,249
"k__Bacteria|p__Actinobacteria|c__Actinobacteria|o__Kineosporiales|f__Kineosporiaceae|",129,126,50,144,396,165,166,469,427,129,206,135,114,158,79,65,54,114,144,652,250,126,171,328,570,193,189,99,200,129,78,85,122,217,505,145,73,74,196,527,174,104,532,439,119,154,66,153,87,113,76,46,177,122,471,141,372,90,80,128,189,110,204,489,101,114,187,111,113,128,518,447,152,103,150,107,58,68,364,133
"k__Bacteria|p__Actinobacteria|c__Actinobacteria|o__Kineosporiales|f__Kineosporiaceae|g__Kineosporia|",233,225,122,238,801,317,169,665,582,197,371,179,267,218,114,157,89,192,256,892,479,153,215,595,757,550,203,347,199,195,379,166,209,216,705,232,147,135,260,742,252,238,806,473,136,307,204,219,199,186,135,259,261,254,853,214,732,132,349,178,298,153,439,776,213,227,202,274,195,507,760,643,224,104,187,310,148,150,549,176
"k__Bacteria|p__Actinobacteria|c__Actinobacteria|o__Micrococcales|f__Intrasporangiaceae|g__Intrasporangium|",670,727,306,543,117,546,491,167,94,428,608,416,643,561,316,312,408,478,545,271,626,349,525,104,105,789,649,698,545,325,292,343,631,560,172,680,433,237,468,93,554,496,199,209,187,467,210,641,410,486,378,230,619,342,157,396,127,226,407,617,892,385,1083,227,414,410,583,706,676,448,353,168,577,334,441,623,486,220,99,329
"k__Bacteria|p__Actinobacteria|c__Actinobacteria|o__Micrococcales|f__Microbacteriaceae|g__Agromyces|",2173,2185,942,1508,131,1205,1412,110,177,1091,1655,1521,2037,2425,1254,885,1302,1567,1956,258,1638,1325,2041,166,159,1972,1748,2313,1133,959,1096,1072,1558,2039,211,2193,1481,971,1677,145,1442,1747,153,176,616,1136,598,1802,1277,1473,1581,845,2551,1263,135,974,139,706,1345,1899,3226,1392,3722,193,1005,1092,1906,2373,1779,1767,187,191,1397,1177,1603,1970,1457,1060,92,1094
"k__Bacteria|p__Actinobacteria|c__Actinobacteria|o__Micrococcales|f__Microbacteriaceae|g__Microbacterium|",864,908,371,579,211,248,447,136,156,282,451,502,1105,752,351,286,535,568,638,324,395,330,700,214,231,487,655,1375,175,209,287,331,660,710,344,1053,847,322,383,223,352,583,305,484,140,162,232,844,424,502,633,370,1104,368,206,218,307,78,385,940,1704,474,1146,284,251,317,851,1347,948,618,469,280,386,499,561,1026,462,486,117,315
"k__Bacteria|p__Actinobacteria|c__Actinobacteria|o__Micrococcales|f__Micrococcaceae|g__Arthrobacter|",607,585,364,283,90,405,429,83,87,279,516,387,522,472,353,259,265,379,370,104,400,419,515,78,95,268,475,515,333,309,239,304,533,382,72,641,384,239,317,75,413,470,85,78,185,372,232,599,247,451,461,193,754,358,68,304,84,263,297,406,846,336,744,76,347,342,375,550,585,308,96,141,403,264,491,872,275,329,63,289
"k__Bacteria|p__Actinobacteria|c__Actinobacteria|o__Micrococcales|f__Micrococcaceae|g__Pseudarthrobacter|",421,411,328,284,68,372,323,88,83,361,453,288,420,450,235,206,173,268,410,119,428,414,464,64,73,382,343,297,398,314,219,194,347,339,95,433,234,266,365,75,427,277,67,70,228,373,173,314,251,398,285,147,420,353,66,281,72,154,178,313,479,259,649,100,293,268,309,265,354,219,96,95,329,149,286,474,183,236,60,261
"k__Bacteria|p__Actinobacteria|c__Actinobacteria|o__Micromonosporales|f__Micromonosporaceae|",1143,936,425,907,3328,1674,920,4027,3444,925,1643,791,932,1130,710,461,464,713,1205,4082,1932,838,1136,2927,3774,1985,1152,845,1446,978,510,657,982,1031,4187,946,611,683,1257,4138,1502,861,4298,2668,779,1626,421,1078,707,877,573,303,745,940,3774,1022,2577,813,752,819,1283,879,2065,3736,1286,1150,846,842,830,725,3919,3659,1485,530,951,1028,771,572,2405,990
"k__Bacteria|p__Actinobacteria|c__Actinobacteria|o__Micromonosporales|f__Micromonosporaceae|g__Actinoplanes|",704,576,344,507,1471,691,315,2439,1189,580,663,385,736,661,247,254,382,491,592,1993,930,358,406,2517,1721,1097,724,655,657,350,377,345,455,551,2079,681,361,323,691,1703,1014,901,1310,1458,273,770,216,713,416,573,461,607,695,455,1643,562,1230,244,464,565,1169,382,1450,1808,328,534,678,667,780,746,1957,1451,756,331,643,707,342,292,976,456
"k__Bacteria|p__Actinobacteria|c__Actinobacteria|o__Micromonosporales|f__Micromonosporaceae|g__Catellatospora|",52,62,86,107,193,350,83,198,220,335,432,91,58,157,52,21,25,25,185,223,461,78,144,86,255,877,40,47,431,160,37,32,41,104,162,105,85,45,156,206,344,72,166,138,173,307,29,84,74,41,35,19,89,55,188,337,80,88,35,30,146,72,349,211,267,298,61,53,57,109,220,256,434,40,45,51,100,95,73,176
"k__Bacteria|p__Actinobacteria|c__Actinobacteria|o__Micromonosporales|f__Micromonosporaceae|g__Dactylosporangium|",537,458,619,1017,676,782,432,813,697,1198,1899,526,932,564,438,169,201,354,1550,790,1002,378,446,573,772,2934,761,763,938,705,301,325,455,1260,854,740,370,305,471,789,1556,751,799,610,399,803,241,506,646,697,584,404,997,366,965,1676,605,366,322,603,1842,223,1717,703,545,1119,914,811,345,813,802,1085,1813,495,329,385,587,188,523,1055
"k__Bacteria|p__Actinobacteria|c__Actinobacteria|o__Micromonosporales|f__Micromonosporaceae|g__Luedemannella|",70,101,40,62,338,137,66,352,259,110,193,28,61,104,53,30,20,23,101,440,218,56,70,264,298,305,73,61,177,107,37,54,35,91,405,65,44,38,125,346,123,61,352,331,89,135,11,39,58,33,44,6,45,76,361,107,261,75,47,40,79,39,191,313,228,157,37,79,65,46,338,320,131,44,64,68,51,84,209,73
"k__Bacteria|p__Actinobacteria|c__Actinobacteria|o__Micromonosporales|f__Micromonosporaceae|g__Mangrovihabitans|",307,263,165,311,820,389,291,925,878,310,341,264,318,377,280,160,196,236,330,944,432,293,303,486,890,362,362,302,297,286,135,272,310,325,920,266,236,286,397,1060,326,282,1018,664,272,351,193,359,198,269,193,124,289,298,869,260,564,200,207,181,222,223,453,697,263,304,177,219,198,146,896,880,296,137,298,260,178,198,635,240
"k__Bacteria|p__Actinobacteria|c__Actinobacteria|o__Micromonosporales|f__Micromonosporaceae|g__Micromonospora|",1066,935,252,699,897,515,876,1044,961,555,528,747,1006,780,732,442,559,867,758,996,581,525,731,765,1140,964,1069,1379,441,342,543,583,957,760,921,1089,842,415,649,1189,627,1148,876,688,342,529,776,1142,360,830,667,499,1236,455,826,515,618,342,665,1071,1882,468,1160,941,444,292,814,1023,745,534,1022,935,558,659,1047,1129,488,321,695,378
"k__Bacteria|p__Actinobacteria|c__Actinobacteria|o__Micromonosporales|f__Micromonosporaceae|g__Plantactinospora|",110,53,88,85,326,75,51,369,239,45,116,69,86,87,23,19,22,24,77,394,76,43,40,210,378,167,25,86,98,85,0,44,44,42,263,80,5,33,107,374,56,12,330,276,123,52,58,75,69,29,28,3,23,53,319,51,183,8,45,24,82,46,199,315,46,92,41,77,47,34,357,314,118,5,28,39,17,19,201,65
"k__Bacteria|p__Actinobacteria|c__Actinobacteria|o__Micromonosporales|f__Micromonosporaceae|g__Rugosimonospora|",95,67,42,86,271,58,93,395,258,74,85,64,64,76,115,38,26,43,49,288,100,55,90,230,358,108,89,53,76,64,34,67,98,57,266,88,47,50,48,359,132,40,383,261,25,126,48,83,30,54,28,10,45,53,362,60,233,40,25,70,54,52,127,285,48,69,56,77,61,58,273,253,62,36,50,82,46,39,218,34
"k__Bacteria|p__Actinobacteria|c__Actinobacteria|o__Micromonosporales|f__Micromonosporaceae|g__Virgisporangium|",266,190,125,170,797,214,170,819,753,190,260,225,267,206,140,156,90,124,216,1081,305,225,204,534,959,226,185,213,236,139,114,105,247,206,880,248,212,168,256,953,200,155,797,632,134,185,93,245,127,161,143,53,172,187,832,124,551,92,216,168,287,190,457,745,161,179,186,198,195,174,899,846,213,81,229,217,139,169,525,135
"k__Bacteria|p__Actinobacteria|c__Actinobacteria|o__Mycobacteriales|f__Mycobacteriaceae|g__Mycobacterium|",2678,2303,1490,2196,2790,2698,1829,3027,2530,2670,4393,2132,3013,2938,1554,1423,1371,1861,3117,3176,3944,1825,2726,2314,3566,3995,2883,2654,3023,2144,1431,1729,2301,2951,3238,2808,2269,1589,2680,3360,3875,2611,3246,2440,1874,3045,1220,2683,2082,2403,2034,1179,3357,2067,3409,2600,2094,1443,1703,2888,4782,1723,4775,2966,2002,2842,2701,2614,2161,2296,3440,3171,2730,1732,2147,2378,1782,1646,2027,2788
"k__Bacteria|p__Actinobacteria|c__Actinobacteria|o__Mycobacteriales|f__Nocardiaceae|g__Nocardia|",1309,1572,600,828,163,330,577,246,123,401,779,900,1707,906,512,410,858,1005,1335,212,603,532,627,170,223,1469,1190,1681,781,321,561,556,1038,1040,224,1497,831,513,719,214,1037,1211,192,100,171,680,312,1089,801,973,835,831,2003,541,248,799,178,166,659,1300,2112,467,2048,243,529,592,1166,1380,971,823,188,147,978,525,821,980,771,455,177,740
"k__Bacteria|p__Actinobacteria|c__Actinobacteria|o__Mycobacteriales|f__Nocardiaceae|g__Rhodococcus|",825,671,351,487,258,561,828,416,214,411,656,818,793,831,701,495,482,460,646,370,591,518,747,310,466,667,903,919,531,349,586,733,596,610,335,872,604,286,684,305,548,824,578,245,320,536,613,844,367,788,712,313,997,383,309,379,205,296,771,991,1159,384,1143,411,466,457,972,876,805,460,290,267,487,717,916,1014,398,422,253,407
"k__Bacteria|p__Actinobacteria|c__Actinobacteria|o__Propionibacteriales|",164,100,94,136,355,69,139,398,304,127,130,129,238,105,55,100,82,74,165,564,147,95,199,232,318,184,197,177,50,96,70,83,105,122,513,93,94,113,125,451,119,136,392,366,48,89,22,174,75,109,118,49,146,82,372,99,266,66,63,146,274,83,289,459,132,85,141,174,93,125,601,470,199,128,233,133,93,52,326,90
"k__Bacteria|p__Actinobacteria|c__Actinobacteria|o__Propionibacteriales|f__Actinopolymorphaceae|",141,65,19,86,223,140,54,213,208,44,116,40,34,119,53,11,25,45,50,378,153,31,60,231,336,89,60,54,140,33,20,92,92,55,282,99,101,17,97,348,90,31,324,182,27,102,70,88,37,58,51,49,22,63,284,76,221,21,60,133,65,69,149,368,100,141,35,89,49,46,377,303,85,50,81,56,50,50,257,111
"k__Bacteria|p__Actinobacteria|c__Actinobacteria|o__Propionibacteriales|f__Kribbellaceae|g__Kribbella|",1012,1014,493,896,399,772,828,420,390,723,1224,866,1005,1005,719,512,584,700,1103,728,888,650,1011,315,577,1375,1303,1173,916,599,565,741,783,1256,733,1287,764,556,808,528,1398,1365,515,694,401,780,544,842,644,1035,948,467,1363,668,591,916,363,525,727,1287,1533,610,2077,533,649,889,1037,1052,766,1024,626,600,1302,695,1041,1141,789,494,266,844
"k__Bacteria|p__Actinobacteria|c__Actinobacteria|o__Propionibacteriales|f__Nocardioidaceae|g__Marmoricola|",1222,1231,686,1114,1906,1365,964,2078,2029,1177,1798,1161,1443,1651,713,608,609,847,1268,3130,1825,956,1339,1704,2200,1756,1357,1466,1323,901,641,858,1122,1247,2753,1370,968,870,1259,2114,1380,1451,2272,2303,778,1138,485,1118,851,1183,995,421,1337,811,1942,1119,1941,528,739,1267,1743,958,2498,2625,1211,1037,1170,1204,912,997,2757,2290,1287,916,1032,1312,746,635,1402,991
"k__Bacteria|p__Actinobacteria|c__Actinobacteria|o__Propionibacteriales|f__Nocardioidaceae|g__Nocardioides|",3462,3433,1973,3183,5329,3345,2823,4729,5201,3262,4477,3377,4615,4015,2353,1886,1902,2258,3641,8393,4494,2402,3361,4071,5944,5322,4770,4643,3427,2335,1723,2406,3027,3625,7513,4390,3005,2108,3227,5528,3634,4132,6172,6412,1750,2852,1306,3313,2614,3611,3361,1348,3999,2263,5308,2518,5175,1556,2775,3905,5782,2330,6781,7111,2618,2963,4201,4071,2783,2870,6746,5631,3755,2886,3293,4084,2372,1795,3529,2737
"k__Bacteria|p__Actinobacteria|c__Actinobacteria|o__Propionibacteriales|f__Propionibacteriaceae|g__Microlunatus|",857,643,379,595,2037,951,670,2033,1943,694,940,705,796,998,449,400,334,479,690,2763,1175,657,875,1579,2264,1210,772,686,851,677,380,471,626,735,2497,707,488,619,868,2598,893,592,2230,1764,556,844,376,755,620,694,543,267,758,697,2207,735,1847,536,504,651,979,727,1602,2374,852,794,745,593,616,562,2662,2453,929,422,665,996,549,565,1500,797
"k__Bacteria|p__Actinobacteria|c__Actinobacteria|o__Pseudonocardiales|f__Pseudonocardiaceae|",113,123,130,137,409,193,121,312,274,205,241,134,96,157,110,55,113,74,153,522,329,172,198,323,410,259,191,154,196,145,81,114,168,252,419,157,60,147,237,412,203,173,407,398,133,188,70,214,117,160,305,53,189,63,406,156,192,95,133,202,161,80,258,393,204,185,140,149,57,123,460,359,197,77,105,164,110,44,245,159
"k__Bacteria|p__Actinobacteria|c__Actinobacteria|o__Pseudonocardiales|f__Pseudonocardiaceae|g__Actinomycetospora|",106,90,52,109,339,122,88,308,317,86,164,90,128,136,23,26,47,95,128,505,163,76,106,196,467,129,62,140,103,101,38,93,76,104,409,146,49,47,101,398,77,83,320,302,43,110,33,105,35,93,61,12,88,56,380,65,239,36,65,76,176,65,157,331,122,91,65,82,74,61,446,252,113,41,63,90,30,36,198,68
"k__Bacteria|p__Actinobacteria|c__Actinobacteria|o__Pseudonocardiales|f__Pseudonocardiaceae|g__Amycolatopsis|",64,61,63,94,374,56,44,359,330,81,214,35,124,102,49,31,13,59,99,434,224,74,59,285,294,131,108,97,87,307,72,56,81,74,368,71,54,56,81,419,226,99,329,268,36,78,33,219,34,96,70,29,106,50,536,117,207,34,119,48,97,41,156,321,51,75,71,78,73,61,927,773,74,49,79,101,45,49,250,45
"k__Bacteria|p__Actinobacteria|c__Actinobacteria|o__Pseudonocardiales|f__Pseudonocardiaceae|g__Pseudonocardia|",1897,1680,1057,1781,3493,2563,1640,4345,3417,1828,2940,1662,1813,2652,1427,937,704,1286,2008,5033,3145,1667,2021,2936,4554,3331,2009,1875,2392,1770,977,1146,1584,2037,4872,1851,1150,1361,2365,4929,2431,1638,4300,3073,1241,2203,846,1866,1312,1807,1391,598,1820,1589,4368,1941,2940,1056,1141,1573,2326,1305,3620,3996,1757,1933,1839,1755,1485,1463,5010,3828,2249,1163,1569,1799,1272,1028,2848,1763
"k__Bacteria|p__Actinobacteria|c__Actinobacteria|o__Streptomycetales|f__Streptomycetaceae|g__Kitasatospora|",2661,2460,1505,1971,341,2851,3025,349,442,1821,3366,3222,2121,4119,2558,1796,1523,2528,3740,461,3969,3058,3310,396,441,4254,3218,1903,2695,1973,2774,2759,2838,3705,412,1723,1155,1825,3842,466,4222,3396,383,380,1265,3835,1491,2934,2470,2110,1769,1156,2048,2652,592,2274,308,1417,2766,2697,2766,2720,6685,529,2587,2217,2021,2050,2470,2966,646,599,3122,1805,3854,3029,2504,2321,388,2547
"k__Bacteria|p__Actinobacteria|c__Actinobacteria|o__Streptomycetales|f__Streptomycetaceae|g__Streptomyces|",6910,5558,2722,4487,4108,3508,5693,4738,4148,3001,4803,5441,5948,5986,4313,3527,3403,4961,5517,6141,4890,3848,5325,3622,5768,6492,6938,6707,3479,2521,3519,4561,4986,5534,5100,6668,4727,2702,4531,6273,5156,6493,5430,3638,2217,4022,3240,5707,3318,5575,4664,2591,6870,3767,5542,2999,3439,1636,4820,6156,8191,3374,9402,5129,2927,3395,4475,6282,5461,4552,5478,7902,4546,3927,6209,5400,3541,3295,3451,3438
"k__Bacteria|p__Actinobacteria|c__Actinobacteria|o__Streptomycetales|f__Streptomycetaceae|g__Yinghuangia|",1558,1730,313,531,19,30,956,46,3,24,68,1105,2101,636,790,609,911,1357,839,7,57,296,547,0,16,60,1351,2350,36,16,594,755,1546,1085,8,1847,1218,255,429,8,78,1532,7,12,28,35,737,1637,489,981,918,937,2314,452,32,72,0,31,866,1428,2615,321,1329,8,38,52,1261,1824,1438,612,2,12,64,782,1128,1698,569,273,3,53
"k__Bacteria|p__Actinobacteria|c__Actinobacteria|o__Streptosporangiales|",173,235,109,351,580,195,231,672,691,109,143,105,152,160,115,77,101,144,158,707,261,115,121,483,794,210,181,172,177,145,78,117,256,92,646,179,121,86,167,877,230,127,840,528,86,157,103,176,75,200,66,40,99,145,734,169,418,79,79,87,147,64,252,671,166,158,152,120,105,122,703,723,153,111,146,136,77,61,455,136
"k__Bacteria|p__Actinobacteria|c__Actinobacteria|o__Streptosporangiales|f__Streptosporangiaceae|g__Microbispora|",80,120,158,219,264,115,356,263,199,372,532,537,193,127,176,94,36,87,533,219,242,75,148,193,372,623,505,142,287,202,126,133,116,522,255,147,199,120,191,334,753,1300,287,226,43,204,213,104,197,683,508,63,139,141,334,538,205,120,252,878,460,88,529,243,117,353,839,231,169,390,336,230,453,454,378,96,198,82,174,235
"k__Bacteria|p__Actinobacteria|c__Actinobacteria|o__Streptosporangiales|f__Streptosporangiaceae|g__Nonomuraea|",1181,947,329,554,154,67,700,207,164,104,85,1109,1946,266,537,313,538,665,667,317,107,341,295,198,365,173,1403,2264,65,28,538,341,578,772,223,1868,953,176,247,277,77,2107,236,144,42,71,527,851,371,1272,1352,784,2358,252,273,96,189,4,668,1824,2504,209,1231,236,100,50,1438,1622,711,578,282,251,90,986,768,995,376,128,235,75
"k__Bacteria|p__Actinobacteria|c__Actinobacteria|o__Streptosporangiales|f__Streptosporangiaceae|g__Streptosporangium|",2656,2495,489,690,144,79,2292,181,114,75,47,2325,2337,949,1786,1556,1637,2137,951,258,126,574,912,219,253,152,3018,2936,46,25,1627,1801,2028,1083,260,2405,1850,385,782,259,111,3194,209,198,74,54,1923,2401,474,2199,2534,1240,3701,814,205,61,140,34,2772,3270,3812,671,1312,174,60,61,1987,2903,2214,680,249,171,77,1714,2452,2245,645,510,100,56
"k__Bacteria|p__Actinobacteria|c__Actinobacteria|o__Streptosporangiales|f__Thermomonosporaceae|",123,97,25,130,402,162,86,450,272,100,124,98,69,117,66,46,29,71,116,529,153,67,100,295,476,154,102,58,119,78,46,74,108,60,471,77,41,37,127,594,160,69,497,328,56,158,68,139,78,79,56,32,85,96,412,118,318,37,70,121,118,47,197,474,98,78,55,113,84,43,349,463,93,47,107,77,64,41,244,89
"k__Bacteria|p__Actinobacteria|c__Actinobacteria|o__Streptosporangiales|f__Thermomonosporaceae|g__Actinoallomurus|",217,285,179,196,1027,269,234,1027,1145,189,234,144,350,317,180,121,143,146,255,989,376,212,269,786,1195,302,215,198,262,134,134,213,241,214,1012,206,141,184,242,1464,230,344,1276,745,240,8298,136,278,130,184,213,69,191,154,1252,242,1022,135,130,201,347,155,437,1198,241,178,208,213,216,128,1135,1002,249,218,163,174,108,148,629,173
"k__Bacteria|p__Actinobacteria|c__Thermoleophilia|",312,327,177,238,1266,324,329,1259,1102,247,332,310,348,421,255,189,149,200,281,1403,471,256,293,997,1482,440,390,271,324,214,134,321,390,265,1420,268,215,227,411,1507,273,297,1414,1042,187,343,143,286,206,231,217,149,271,296,1359,221,886,146,191,210,394,270,658,1237,229,261,322,258,273,145,1520,1274,188,151,275,334,233,178,857,218
"k__Bacteria|p__Actinobacteria|c__Thermoleophilia|o__Gaiellales|f__Gaiellaceae|g__Gaiella|",10318,9805,5408,9099,34360,10733,10327,32676,30442,7773,10920,8826,9025,12928,8237,6165,5425,7545,10581,45768,13682,8375,10381,24763,35762,10867,11141,8792,8442,7556,5981,7705,9928,10456,44614,9015,6614,7185,11202,40941,10426,9127,41706,32611,5530,9503,4671,10262,7278,9314,6845,3660,8690,9126,36129,8044,31088,4985,7300,9454,11020,7376,19416,40814,8779,8821,9052,9801,8322,7165,41103,35665,9220,5816,10152,10618,6783,6013,24347,8052
"k__Bacteria|p__Actinobacteria|c__Thermoleophilia|o__Solirubrobacterales|",1740,1564,832,1515,5663,1981,1510,5339,5192,1348,1930,1552,1742,2276,1216,931,743,1084,1671,7088,2470,1262,1919,4145,5812,2502,1952,1672,1613,1233,825,1129,1451,1592,7005,1545,1234,1117,1772,6879,1738,1541,6350,5143,1024,1831,788,1778,1183,1423,1068,561,1434,1465,6179,1110,5110,1143,1087,1735,2105,1226,3445,7227,1568,1553,1477,1463,1255,1099,7048,6119,1818,991,1529,1828,1098,1057,4609,1466
"k__Bacteria|p__Actinobacteria|c__Thermoleophilia|o__Solirubrobacterales|f__Baekduiaceae|g__Baekduia|",737,673,359,718,2502,1095,734,2587,2533,636,920,670,818,1019,487,338,397,620,847,3440,1497,558,854,2173,2871,1089,785,637,801,590,413,513,710,691,3198,764,400,494,975,3178,880,701,2925,2493,540,910,326,738,506,667,561,270,784,647,2872,641,2335,487,545,670,884,556,1578,2937,731,592,730,684,659,489,3043,2808,798,385,700,829,442,425,1910,576
"k__Bacteria|p__Actinobacteria|c__Thermoleophilia|o__Solirubrobacterales|f__Conexibacteraceae|g__Conexibacter|",651,778,467,649,2292,1108,733,2841,2398,669,974,704,781,1077,499,475,363,537,792,3282,1430,819,1079,1927,2793,1050,869,776,981,726,357,588,917,850,2771,821,460,650,1109,2915,907,598,2632,1983,566,858,368,812,624,611,446,189,648,629,2490,598,1868,522,505,589,1074,655,1348,2780,779,653,636,743,646,579,2810,2558,729,343,684,722,553,380,1863,644
"k__Bacteria|p__Actinobacteria|c__Thermoleophilia|o__Solirubrobacterales|f__Paraconexibacteraceae|g__Paraconexibacter|",111,128,37,83,290,89,49,375,251,68,92,75,115,99,100,49,36,52,70,374,170,90,97,241,350,154,73,85,95,73,38,58,67,123,349,89,30,52,53,335,129,61,308,230,59,109,19,79,78,67,46,33,65,90,345,48,217,52,47,66,123,83,139,307,67,104,48,95,102,64,306,319,114,17,51,66,28,46,205,65
"k__Bacteria|p__Actinobacteria|c__Thermoleophilia|o__Solirubrobacterales|f__Parviterribacteraceae|g__Parviterribacter|",756,770,462,650,2725,792,696,2749,2646,590,943,686,818,950,561,455,387,529,775,3487,1162,660,807,1841,2838,1094,916,688,845,677,399,586,645,847,3365,827,505,546,853,3414,824,722,3327,2539,526,957,359,733,580,594,516,313,776,632,2880,662,2419,412,585,645,1037,623,1417,3253,768,652,619,774,550,602,2984,2860,894,497,615,719,478,591,2006,573
"k__Bacteria|p__Actinobacteria|c__Thermoleophilia|o__Solirubrobacterales|f__Solirubrobacteraceae|g__Solirubrobacter|",2228,2196,1689,2235,5664,2899,1955,6099,6103,2235,3320,2254,2647,2953,1555,1306,1194,1575,2655,7690,3591,2025,2568,4841,7173,3627,2690,2599,2455,2032,1240,1507,1839,2568,7365,2524,1657,1723,2658,7032,2784,2298,6326,5567,1667,2558,1063,2063,1756,1972,1897,966,2272,1873,6009,1954,4898,1360,1369,2217,3234,1798,4855,7200,2187,2277,2249,2651,1750,1941,7210,6175,2632,1826,2068,2246,1779,1521,4370,2107
"k__Bacteria|p__Actinobacteria|c__Thermoleophilia|o__Thermoleophilales|f__Thermoleophilaceae|g__Thermoleophilum|",133,142,51,111,579,155,110,541,393,137,150,134,128,129,85,74,47,93,126,581,188,80,108,286,447,222,156,105,122,100,51,57,153,107,517,130,50,82,168,597,112,98,522,423,106,185,71,147,82,99,78,48,76,134,510,125,384,51,55,78,137,77,180,465,102,117,96,138,111,95,552,447,127,55,60,117,26,73,356,81
"k__Bacteria|p__Armatimonadetes|c__Armatimonadetes_gp4|",231,238,131,176,1246,311,254,1296,1144,183,267,157,203,241,177,115,98,169,278,1183,363,208,269,1108,1327,219,183,106,260,251,131,212,258,218,1329,204,203,236,280,1630,275,204,1434,1074,202,306,113,208,161,276,112,130,181,243,1603,181,893,130,134,242,248,189,553,1018,271,177,191,198,177,196,1274,1521,157,87,194,203,167,172,1056,179
"k__Bacteria|p__Armatimonadetes|c__Chthonomonadetes|o__Chthonomonadales|f__Chthonomonadaceae|g__Chthonomonas|Armatimonadetes_gp3|",51,46,28,62,287,60,48,284,281,57,70,49,50,78,36,11,35,23,69,274,101,77,56,164,263,45,69,19,66,50,39,33,47,92,246,28,26,70,69,386,61,34,287,193,44,105,28,33,46,47,42,7,55,63,324,63,176,17,23,59,28,45,137,222,65,55,60,31,29,37,308,320,56,40,45,50,38,31,204,47
"k__Bacteria|p__Bacteroidetes|c__Chitinophagia|o__Chitinophagales|f__Chitinophagaceae|",489,431,311,381,878,427,343,895,864,334,475,482,471,473,243,211,201,256,581,1006,506,459,429,570,1216,448,447,498,486,320,255,301,347,524,955,591,343,314,568,1063,534,431,1006,635,243,417,220,428,333,419,301,228,494,402,1058,271,607,168,307,416,559,319,987,886,314,255,396,553,367,361,914,922,389,203,356,464,349,260,545,347
"k__Bacteria|p__Bacteroidetes|c__Chitinophagia|o__Chitinophagales|f__Chitinophagaceae|g__Chitinophaga|",952,1042,498,1103,67,669,859,61,45,731,1031,1376,1882,386,809,216,523,694,1078,41,648,483,427,40,36,2393,1750,1723,768,520,581,411,729,1297,68,1077,514,336,693,46,1445,1702,49,15,452,799,762,1183,660,1183,1134,886,1574,499,38,1141,26,260,624,1001,1640,308,1684,39,458,793,1225,1033,778,875,89,47,1314,892,1029,926,749,157,15,640
"k__Bacteria|p__Bacteroidetes|c__Chitinophagia|o__Chitinophagales|f__Chitinophagaceae|g__Ferruginibacter|",205,190,227,336,536,200,179,338,384,217,285,163,253,204,75,59,76,121,403,600,219,149,180,345,629,398,278,306,170,170,64,92,133,312,780,334,163,249,260,520,207,224,689,675,203,189,59,155,259,230,187,148,328,266,408,166,495,66,71,193,292,256,613,517,165,197,205,189,113,247,713,504,202,110,106,322,161,116,273,184
"k__Bacteria|p__Bacteroidetes|c__Chitinophagia|o__Chitinophagales|f__Chitinophagaceae|g__Flavisolibacter|",655,488,286,609,281,296,590,238,239,238,415,608,639,380,381,231,318,515,601,319,320,335,329,160,267,372,632,693,254,257,318,387,572,534,295,627,518,280,416,292,356,548,384,291,147,311,307,607,298,682,468,304,716,340,260,226,216,139,487,636,921,361,965,361,181,210,736,705,553,415,326,329,270,421,573,642,356,207,214,227
"k__Bacteria|p__Bacteroidetes|c__Chitinophagia|o__Chitinophagales|f__Chitinophagaceae|g__Niastella|",728,600,443,743,77,508,754,69,36,401,565,835,802,441,473,209,386,555,947,441,467,466,375,115,77,1226,701,731,472,352,424,407,568,847,70,715,374,345,604,77,709,900,74,19,244,569,359,583,451,865,606,372,852,468,42,509,98,246,580,725,1182,320,1850,66,359,422,987,817,508,889,123,86,857,601,632,709,531,244,54,384
"k__Bacteria|p__Bacteroidetes|c__Chitinophagia|o__Chitinophagales|f__Chitinophagaceae|g__Terrimonas|",230,190,238,266,757,477,162,894,687,314,466,199,195,309,145,116,74,130,390,709,633,386,257,602,943,387,214,144,444,365,119,87,131,370,737,150,65,282,406,838,392,168,715,528,308,458,67,173,259,205,122,118,208,359,841,322,594,247,135,208,244,274,826,826,338,314,180,155,210,324,869,875,363,87,208,264,202,135,487,255
"k__Bacteria|p__Bacteroidetes|c__Cytophagia|o__Cytophagales|f__Fulvivirgaceae|g__Chryseolinea|",263,276,500,740,371,1714,266,1155,716,850,1545,550,448,707,168,64,177,181,1032,665,2016,585,575,947,2241,2169,353,628,1561,1145,217,183,261,880,459,425,246,502,1062,910,1003,433,354,464,827,1832,152,335,466,492,357,245,530,677,1349,1043,326,632,217,341,679,493,1914,319,1049,899,440,457,258,729,758,649,1289,291,277,345,621,291,441,467
"k__Bacteria|p__Bacteroidetes|c__Cytophagia|o__Cytophagales|f__Fulvivirgaceae|g__Ohtaekwangia|",426,308,549,850,142,1444,407,511,420,702,1357,621,685,716,244,105,237,348,1222,305,1427,817,602,453,519,2038,471,694,1178,973,215,239,345,1093,211,462,386,511,843,560,1033,497,176,152,943,1492,300,507,573,637,480,325,808,710,572,1049,169,546,323,340,915,551,1593,198,773,896,498,534,342,800,363,259,1191,407,387,398,680,348,222,590
"k__Bacteria|p__Bacteroidetes|c__Flavobacteriia|o__Flavobacteriales|f__Flavobacteriaceae|g__Flavobacterium|",545,394,125,234,562,130,485,592,408,87,144,465,382,280,189,134,272,479,274,907,143,273,237,334,910,200,363,426,64,87,237,274,399,264,885,516,299,269,456,564,78,239,763,641,86,123,264,489,93,353,240,229,425,462,721,74,365,67,312,340,381,266,566,735,134,59,232,381,380,202,713,381,60,180,260,530,225,235,305,70
"k__Bacteria|p__Bacteroidetes|c__Sphingobacteriia|o__Sphingobacteriales|f__Sphingobacteriaceae|g__Solitalea|",1199,1114,166,221,11,71,480,9,13,18,83,731,2511,82,350,134,544,959,417,30,88,211,141,16,8,113,924,1581,95,22,425,308,733,424,24,923,606,122,138,13,64,620,0,39,34,66,631,863,182,827,492,932,1980,109,24,36,28,19,545,628,1917,167,541,36,48,17,1057,1282,1187,267,13,22,43,804,399,957,224,60,8,12
"k__Bacteria|p__Chlamydiae|c__Chlamydiia|o__Chlamydiales|f__Parachlamydiaceae|g__Parachlamydia|",1542,1518,247,385,571,1066,1976,795,1168,289,604,995,590,1020,1316,1237,1305,1428,699,905,1265,724,868,1296,2061,735,769,810,1068,816,1197,1583,1886,726,884,1001,395,656,980,1221,728,1016,869,528,791,1283,1196,2075,603,1095,576,569,654,827,1238,631,460,453,1893,826,892,558,970,738,896,412,1188,927,2092,559,965,923,431,501,1930,1620,555,512,769,353
"k__Bacteria|p__Chloroflexi|",2627,2349,1535,2597,6702,2555,2271,6628,6741,1756,2668,2140,2237,3034,1758,1265,1470,1866,2552,8544,3632,2304,2450,4861,7518,2203,2540,2377,2052,2348,1334,1876,2354,2653,8312,2216,1666,1989,2429,8599,2652,2166,8105,6372,1582,2553,1132,2574,1733,2339,1626,1010,2155,2333,7459,1823,5664,1290,1714,2035,3039,2123,4800,7716,2213,1972,2275,2438,2069,1780,8848,7344,2042,1447,2093,2419,1800,1695,4954,1865
"k__Bacteria|p__Chloroflexi|c__Anaerolineae|",146,98,128,161,299,361,128,466,431,167,166,179,194,211,103,79,150,140,249,520,358,169,213,292,545,208,150,189,393,262,50,76,126,197,514,92,167,188,223,549,155,128,474,386,208,348,72,121,158,161,77,86,139,174,438,174,345,111,114,172,194,154,507,399,245,134,105,207,142,164,617,415,204,128,170,162,184,149,222,170
"k__Bacteria|p__Chloroflexi|c__Anaerolineae|o__Anaerolineales|f__Anaerolineaceae|",1113,801,613,973,2395,1292,922,2183,2188,793,953,880,835,1225,598,548,605,655,1094,3043,1553,1012,1066,1783,2263,967,968,815,1234,1132,626,701,941,1205,2905,741,687,861,1126,2702,856,752,2648,1897,747,1226,408,924,721,790,564,387,943,1248,2587,703,1861,666,513,656,1258,880,1974,2623,969,739,731,928,755,851,3147,2734,979,495,901,978,681,772,1585,760
"k__Bacteria|p__Chloroflexi|c__Anaerolineae|o__Anaerolineales|f__Anaerolineaceae|g__Longilinea|",115,98,50,98,370,120,125,300,261,61,120,58,74,103,85,41,56,70,84,400,126,86,128,249,361,86,127,98,53,83,81,88,104,83,362,85,52,100,126,346,99,122,368,232,59,74,41,76,63,89,61,40,113,154,349,68,270,49,71,56,152,115,285,335,104,76,98,127,99,81,436,333,87,57,138,111,77,84,220,91
"k__Bacteria|p__Chloroflexi|c__Chloroflexia|o__Chloroflexales|f__Roseiflexaceae|g__Roseiflexus|",206,204,145,218,861,241,178,966,835,155,310,164,240,276,105,113,84,194,314,864,443,261,234,648,1100,238,212,220,266,314,95,149,239,261,1025,209,168,271,346,1210,247,172,968,715,179,260,114,164,159,174,170,70,208,259,1166,207,838,157,144,198,337,187,595,1135,269,223,242,272,171,205,1456,1181,240,116,151,186,159,196,852,221
"k__Bacteria|p__Chloroflexi|c__Thermomicrobia|o__Sphaerobacterales|f__Sphaerobacteraceae|",433,366,190,367,759,322,367,738,687,193,350,307,284,409,354,190,234,328,335,1104,552,299,373,567,915,388,400,382,362,266,191,282,419,381,1037,354,337,200,340,975,360,423,902,658,245,336,259,484,208,350,263,137,372,341,890,271,535,126,342,380,416,295,540,864,270,261,282,385,360,245,901,771,244,194,407,448,263,255,616,228
"k__Bacteria|p__Chloroflexi|c__Thermomicrobia|o__Sphaerobacterales|f__Sphaerobacteraceae|g__Nitrolancea|",383,414,182,280,680,439,301,801,867,219,329,355,438,559,285,210,138,265,426,954,511,304,463,548,1052,388,391,361,345,278,122,312,398,372,907,402,245,285,432,975,290,286,918,598,198,364,157,477,237,257,218,172,390,293,915,213,557,172,313,371,453,319,786,828,271,218,334,390,326,205,894,908,279,218,342,374,197,240,478,226
"k__Bacteria|p__Chloroflexi|c__Thermomicrobia|o__Sphaerobacterales|f__Sphaerobacteraceae|g__Sphaerobacter|",222,165,136,191,384,172,171,445,345,154,245,164,272,242,174,100,150,191,182,617,253,173,202,345,474,157,242,287,108,144,104,131,209,252,491,198,164,112,272,580,184,184,530,261,91,193,116,199,106,177,111,63,209,126,450,139,277,72,150,160,234,121,330,461,97,141,156,276,179,110,527,439,140,117,181,152,124,84,288,74
"k__Bacteria|p__Firmicutes|",113,119,68,154,427,180,171,536,588,115,180,123,159,143,105,90,81,124,134,729,277,109,139,435,629,173,158,115,147,104,70,106,128,120,677,164,127,97,153,744,190,110,549,509,109,205,86,172,69,205,95,35,136,163,537,120,381,63,103,166,154,112,199,551,105,102,88,132,97,101,569,519,209,88,160,141,70,65,329,153
"k__Bacteria|p__Firmicutes|c__Bacilli|o__Bacillales|f__Alicyclobacillaceae|g__Tumebacillus|",785,986,311,563,3244,886,599,3377,2893,619,893,714,784,968,501,393,292,525,682,4379,1108,618,713,2387,4159,934,678,613,703,517,310,493,571,684,3688,699,391,486,870,5591,650,597,3749,2448,414,859,386,757,533,619,475,195,617,537,3973,607,2655,390,549,733,867,531,1626,3108,815,559,651,544,531,459,3776,3651,694,345,674,736,381,600,2719,618
"k__Bacteria|p__Firmicutes|c__Bacilli|o__Bacillales|f__Bacillaceae_1|",5527,4821,2921,4598,663,4961,6120,1096,644,3073,5611,5007,4521,7391,3906,3109,2785,4279,6183,912,6670,4221,7134,597,810,6631,6154,5207,4525,3199,3881,4876,5095,5926,822,3807,3461,3419,6017,1032,5236,6434,991,552,2537,5035,3117,5908,3873,4737,4269,1799,5271,4524,972,4162,486,3367,6278,5622,8072,4964,13839,888,4430,3592,7317,6668,6129,5604,931,885,5139,4631,7549,6935,3704,4446,645,4121
"k__Bacteria|p__Firmicutes|c__Bacilli|o__Bacillales|f__Bacillaceae_1|g__Bacillus|",85323,82527,52350,87568,4178,93101,102618,5587,7767,59321,105102,92217,71967,123866,69536,56528,42901,64207,104282,4838,112017,76903,108932,7377,5287,132502,103452,82110,81908,56210,61066,89387,73418,100492,4927,75971,49558,56960,109530,6102,91570,103633,5543,4676,53193,94110,65170,88055,69337,86330,75757,29017,84677,74247,6094,78664,4368,53498,92215,101112,99242,66282,184088,6549,67419,72629,97568,78622,72774,79913,7166,10630,84269,68160,104240,84587,77089,59498,6226,67688
"k__Bacteria|p__Firmicutes|c__Bacilli|o__Bacillales|f__Bacillaceae_1|g__Cytobacillus|",761,705,499,555,163,755,850,297,185,476,686,756,643,1040,666,514,439,584,749,271,904,680,995,143,276,730,985,619,708,571,636,805,648,796,291,550,538,539,986,323,605,828,198,195,430,749,531,723,537,763,633,324,706,854,286,584,132,336,766,765,765,721,1526,264,508,423,803,613,698,611,227,167,596,485,877,881,527,657,156,458
"k__Bacteria|p__Firmicutes|c__Bacilli|o__Bacillales|f__Bacillaceae_1|g__Domibacillus|",1342,1130,803,1035,112,1473,1765,6,107,852,1252,1450,911,1923,1044,921,711,1029,1540,86,1660,1394,1910,106,114,1443,1533,1116,1324,926,1024,1283,1173,1577,92,946,634,1040,1654,100,1276,1482,84,7,752,1464,846,1266,895,1317,1229,473,1104,1433,96,963,83,675,1373,1132,1491,1245,2901,108,1126,858,1404,1106,1168,1201,42,56,1080,991,1593,1540,831,1308,67,885
"k__Bacteria|p__Firmicutes|c__Bacilli|o__Bacillales|f__Bacillaceae_1|g__Neobacillus|",38019,34410,20038,30675,1979,36314,43601,2169,2539,23153,36896,35122,27976,47244,27984,20418,18340,30803,39843,2351,46820,31395,39042,2086,2100,46969,35746,29549,34370,24053,24696,30902,34799,41440,2164,27326,17559,24555,45718,2528,36226,37810,2510,1792,18736,44342,21147,37373,26559,32058,25767,11969,31161,36459,2545,28893,1906,17230,30759,34469,37206,29488,78035,2432,27937,24877,34259,29189,33517,31455,2455,3034,30278,20926,40736,41305,26154,25947,1954,24589
"k__Bacteria|p__Firmicutes|c__Bacilli|o__Bacillales|f__Bacillaceae_1|g__Peribacillus|",4089,3615,1964,2786,126,2334,3718,98,100,1544,2824,3676,3157,3852,2965,2416,1808,2564,2940,153,2501,2623,3796,151,129,3071,3945,3627,2323,1525,2222,3254,3157,3093,188,3565,2331,1843,3115,182,2075,3910,150,110,967,1914,2635,3535,1750,3713,3257,1076,3613,2415,213,1617,158,1149,3482,3855,4350,2000,5560,125,1378,1466,4049,3264,3601,2632,118,137,2173,2358,4324,3612,2123,2147,67,1468
"k__Bacteria|p__Firmicutes|c__Bacilli|o__Bacillales|f__Paenibacillaceae_1|g__Cohnella|",252,254,78,46,347,71,272,416,396,58,141,277,233,241,136,99,98,138,139,462,160,62,195,364,450,249,229,260,81,108,168,231,199,161,433,175,148,92,181,586,124,169,513,251,44,130,156,242,97,163,177,28,184,162,519,87,235,105,422,180,331,98,350,467,74,77,208,216,245,100,473,499,95,187,408,233,104,75,345,47
"k__Bacteria|p__Firmicutes|c__Bacilli|o__Bacillales|f__Paenibacillaceae_1|g__Paenibacillus|",10963,10494,1986,3438,1943,1840,6613,2386,1812,1304,2309,6039,8933,4383,4394,3961,5289,7946,3990,2725,2036,2578,4394,2080,2988,2835,6768,9370,1593,1067,3933,6046,9389,4116,2349,9553,6982,1910,4192,2797,1772,6192,2418,1629,864,1944,3946,10763,2278,5189,4663,3210,10905,2725,2927,1437,1672,1020,6419,7275,13678,2346,7397,2336,1126,1504,5927,10601,9972,3232,2637,2666,1666,4491,7481,9226,2764,2362,1693,1269
"k__Bacteria|p__Firmicutes|c__Bacilli|o__Bacillales|f__Paenibacillaceae_2|g__Ammoniphilus|",207,120,41,72,276,140,229,259,288,88,85,104,104,141,93,66,64,154,111,365,183,57,107,258,283,188,152,96,100,74,106,95,188,111,390,111,84,67,85,331,107,126,380,273,61,71,82,205,78,182,62,64,115,100,369,97,196,45,173,171,169,74,362,395,61,80,152,175,149,74,696,266,63,61,209,197,91,59,242,106
"k__Bacteria|p__Firmicutes|c__Bacilli|o__Bacillales|f__Planococcaceae|g__Bhargavaea|",544,535,512,698,39,836,663,100,842,540,882,682,395,1182,430,419,270,354,1025,95,890,767,897,616,53,966,686,371,742,502,467,704,405,753,50,460,223,817,1096,67,810,632,73,293,433,953,344,333,552,619,494,250,477,746,71,656,196,491,580,461,497,676,1844,387,627,427,655,326,467,625,409,1051,598,426,738,711,345,545,544,548
"k__Bacteria|p__Firmicutes|c__Bacilli|o__Bacillales|f__Planococcaceae|g__Kurthia|",371,340,141,255,2,194,503,0,7,108,162,449,316,385,206,181,175,411,344,0,250,203,306,8,0,238,330,303,182,102,228,324,270,358,0,269,208,154,421,0,210,343,2,0,69,219,255,448,206,284,246,161,431,243,2,143,0,115,290,489,301,241,634,0,126,132,215,338,384,220,0,7,133,284,298,396,179,174,0,116
"k__Bacteria|p__Firmicutes|c__Bacilli|o__Bacillales|f__Planococcaceae|g__Lysinibacillus|",652,488,233,355,486,110,1227,465,425,106,90,1135,752,460,625,605,281,459,414,545,182,230,515,451,616,141,1193,858,36,59,713,972,593,383,484,585,407,177,426,623,102,963,589,446,25,115,1011,934,204,828,1081,215,907,232,569,74,411,60,1266,1489,1086,295,644,549,94,84,1100,1023,717,247,521,533,46,1086,1200,595,306,235,448,61
"k__Bacteria|p__Firmicutes|c__Bacilli|o__Bacillales|f__Planococcaceae|g__Metasolibacillus|",648,500,332,513,50,645,863,52,44,577,800,807,471,745,655,516,338,434,664,38,850,442,611,66,47,1017,853,543,701,480,591,769,539,510,34,590,303,365,692,94,640,744,68,26,352,835,510,598,387,646,623,191,574,546,57,503,35,314,612,476,575,371,1201,50,473,322,831,410,496,503,83,57,632,445,779,657,251,395,34,413
"k__Bacteria|p__Firmicutes|c__Bacilli|o__Bacillales|f__Planococcaceae|g__Rummeliibacillus|",426,320,111,292,4,210,504,14,0,56,144,456,412,453,252,209,231,360,291,0,257,240,337,7,1,182,388,414,159,92,298,361,343,347,2,284,238,194,401,15,120,471,4,0,83,181,297,450,202,314,211,133,453,233,0,193,0,142,447,582,483,256,765,12,150,160,378,435,425,214,9,5,152,338,420,452,268,236,7,108
"k__Bacteria|p__Firmicutes|c__Bacilli|o__Bacillales|f__Planococcaceae|g__Sporosarcina|",97,80,21,26,460,106,73,763,579,100,59,62,102,76,46,77,27,55,101,734,109,76,110,455,750,103,50,72,139,49,34,76,61,73,617,102,54,31,142,693,62,92,715,389,40,123,8,85,40,21,43,24,62,123,728,50,383,21,43,36,119,67,165,801,77,45,64,83,87,65,631,421,90,30,28,109,18,18,609,75
"k__Bacteria|p__Firmicutes|c__Bacilli|o__Bacillales|f__Thermoactinomycetaceae_1|g__Risungbinella|",229,315,136,247,8,80,775,0,7,49,47,754,245,378,456,491,124,195,295,0,119,312,362,5,2,86,871,322,65,36,610,718,203,411,2,264,258,174,328,0,98,778,8,2,76,95,506,476,154,574,718,74,376,176,15,38,0,69,910,1134,348,236,562,0,76,83,542,335,299,249,12,7,68,873,986,324,319,160,0,67
"k__Bacteria|p__Firmicutes|c__Clostridia|o__Clostridiales|",110,94,79,88,423,94,98,484,419,61,129,97,60,102,51,65,62,59,105,493,120,69,134,278,534,153,90,59,79,97,60,97,102,90,356,79,83,51,110,580,68,60,551,393,58,138,39,65,49,88,91,36,95,123,584,87,295,53,52,88,101,122,189,392,112,56,60,71,101,86,477,557,52,55,108,119,77,40,395,46
"k__Bacteria|p__Firmicutes|c__Clostridia|o__Clostridiales|f__Clostridiaceae_1|g__Clostridium_sensu_stricto|",178,154,83,135,917,404,140,1470,831,400,183,112,171,200,147,130,79,535,185,1066,667,88,175,1009,1446,303,172,185,408,247,100,227,188,173,1300,182,92,226,214,1461,291,156,1099,876,333,408,111,166,105,137,130,46,144,184,1496,199,809,354,166,214,200,180,364,1199,421,167,123,165,165,156,1083,1329,179,88,179,211,125,66,1084,236
"k__Bacteria|p__Firmicutes|c__Clostridia|o__Clostridiales|f__Peptostreptococcaceae|g__Paraclostridium|",88,55,29,45,432,91,54,424,313,55,39,35,46,69,91,25,18,32,77,420,141,60,81,214,470,94,29,67,66,33,43,121,73,41,367,55,18,108,51,495,99,49,336,252,23,59,55,79,39,34,29,10,67,53,521,37,254,63,76,48,101,75,127,482,76,56,53,67,32,34,376,348,50,37,45,92,56,27,293,31
"k__Bacteria|p__Gemmatimonadetes|c__Gemmatimonadetes|o__Gemmatimonadales|f__Gemmatimonadaceae|",1275,1211,439,719,2180,970,1047,2669,2001,506,837,894,828,1069,706,616,633,990,867,2527,1073,793,928,1669,2828,785,804,796,836,697,646,839,1177,911,2461,853,616,735,1437,2711,676,1012,2427,1782,539,956,621,1251,622,847,731,351,882,921,2616,535,1614,389,894,956,1190,641,1846,2059,664,581,864,915,1051,639,2395,2491,566,619,1116,1143,701,572,1481,571
"k__Bacteria|p__Gemmatimonadetes|c__Gemmatimonadetes|o__Gemmatimonadales|f__Gemmatimonadaceae|g__Gemmatimonas|",764,774,326,443,1206,675,739,1684,1293,404,612,594,622,714,456,327,340,619,528,1781,925,534,577,1034,1830,764,690,525,800,430,382,553,686,559,1684,669,383,417,732,1785,477,677,1611,1013,314,787,418,765,446,759,487,204,631,586,1620,401,1067,412,546,492,960,443,1117,1440,506,369,555,578,742,402,1397,1398,537,436,651,684,315,365,974,375
"k__Bacteria|p__Gemmatimonadetes|c__Gemmatimonadetes|o__Gemmatimonadales|f__Gemmatimonadaceae|g__Gemmatirosa|",937,891,482,696,1840,616,871,2132,1794,456,673,662,703,969,585,354,413,623,983,2241,978,798,841,1526,2112,611,854,750,602,642,462,584,905,1065,1985,788,563,592,1050,2299,626,656,2214,1618,347,776,405,889,506,669,559,364,758,801,2307,488,1564,395,713,781,949,659,1620,1976,676,469,676,859,717,751,2320,2257,524,484,800,916,639,470,1591,511
"k__Bacteria|p__Gemmatimonadetes|c__Gemmatimonadetes|o__Gemmatimonadales|f__Gemmatimonadaceae|g__Roseisolibacter|",1453,1366,553,957,2338,1301,1465,2869,2288,642,1031,1070,1223,1279,980,684,822,1052,1109,3016,1767,1004,1070,1841,2969,1071,1344,1127,1393,836,818,915,1449,1184,2817,1144,851,804,1216,3340,1027,1244,2829,2055,717,1396,698,1512,667,1087,880,403,998,1289,3161,739,2004,677,1160,1084,1617,863,2134,2716,1036,712,1099,1304,1256,843,2750,2971,893,829,1270,1442,767,712,1977,708
"k__Bacteria|p__Latescibacteria|",85,82,35,49,842,140,123,712,748,29,126,65,68,158,70,61,57,54,141,842,217,113,121,626,878,122,88,55,145,152,46,75,80,158,781,55,48,147,195,1069,126,77,869,547,103,155,37,84,80,102,19,31,80,161,1220,100,457,85,79,78,96,114,276,731,106,123,54,51,77,110,1071,966,80,37,124,87,58,114,644,96
"k__Bacteria|p__Nitrospirae|c__Nitrospira|o__Nitrospirales|f__Nitrospiraceae|g__Nitrospira|",1137,1118,635,860,2288,1282,1169,3002,2818,604,1019,960,879,1795,736,584,546,899,1120,2900,1661,1239,1587,2465,3483,805,893,904,1203,1003,661,913,1178,1141,2404,909,770,1139,1641,4101,906,855,2575,1748,823,1573,723,1115,764,976,640,386,944,1513,3936,635,1867,668,837,892,1150,1147,2239,2338,1031,705,923,978,1051,850,2670,3382,688,550,1033,1156,768,815,2139,631
"k__Bacteria|p__Planctomycetes|c__Planctomycetacia|",101,105,117,144,443,363,73,533,608,89,258,76,59,301,32,30,44,92,222,563,516,218,242,342,720,229,83,78,333,296,44,72,72,267,471,47,60,220,282,757,173,59,318,298,245,544,41,81,121,62,46,40,85,289,852,148,279,172,58,91,78,216,484,472,287,153,55,58,90,128,549,722,144,47,65,122,238,131,410,131
"k__Bacteria|p__Planctomycetes|c__Planctomycetacia|o__Pirellulales|",137,100,77,114,416,396,110,473,606,206,254,121,145,271,46,95,104,88,196,490,453,161,259,357,693,269,151,107,328,233,62,57,95,159,604,135,72,235,235,749,244,83,543,312,276,396,84,135,100,135,118,84,155,278,638,169,256,140,87,108,195,187,247,338,210,199,100,115,126,105,449,578,189,43,44,129,137,157,321,153
"k__Bacteria|p__Planctomycetes|c__Planctomycetacia|o__Pirellulales|f__Pirellulaceae|g__Blastopirellula|",154,71,99,159,399,233,104,399,462,90,141,101,104,184,63,59,89,142,152,399,150,142,165,260,562,86,82,149,212,240,55,102,118,143,413,96,74,99,188,569,134,72,483,256,172,190,72,97,129,148,77,17,78,193,548,158,239,105,95,54,118,134,249,352,165,95,36,120,88,95,376,462,95,62,85,131,55,122,324,139
"k__Bacteria|p__Planctomycetes|c__Planctomycetacia|o__Pirellulales|f__Pirellulaceae|g__Pirellula|",197,122,88,187,479,348,115,598,694,251,313,133,173,273,101,52,131,136,267,624,421,252,245,519,861,212,159,147,289,347,129,152,150,235,567,204,118,259,244,835,278,151,580,461,238,275,48,209,212,182,117,106,144,288,883,205,354,109,119,121,204,187,459,507,201,197,105,142,113,183,628,669,204,89,118,195,150,189,428,194
"k__Bacteria|p__Planctomycetes|c__Planctomycetacia|o__Planctomycetales|",81,47,29,27,210,101,27,310,267,53,46,14,18,94,11,13,16,33,80,251,170,88,108,198,264,60,56,62,185,75,19,17,28,76,235,40,28,69,88,352,63,37,271,147,77,116,18,47,38,17,21,10,29,59,345,76,199,58,48,53,47,76,196,267,124,95,42,41,26,24,291,369,109,40,25,72,15,25,192,46
"k__Bacteria|p__Planctomycetes|c__Planctomycetacia|o__Planctomycetales|f__Gemmataceae|",342,192,196,273,902,480,254,1125,874,335,526,255,269,385,169,92,208,134,443,1226,652,371,361,708,1205,474,291,205,482,384,151,166,238,394,1096,240,200,267,393,1365,487,251,1121,880,368,444,160,264,257,269,170,118,282,315,1391,329,643,230,168,266,296,258,611,953,418,321,260,275,201,277,1011,1051,388,137,210,238,273,276,691,325
"k__Bacteria|p__Planctomycetes|c__Planctomycetacia|o__Planctomycetales|f__Gemmataceae|g__Fimbriiglobus|",457,484,302,461,1101,744,397,1333,1341,583,941,389,515,580,291,208,263,401,548,1373,1079,565,550,795,1733,879,489,379,837,721,296,319,434,560,1377,400,401,484,648,1751,795,432,1288,1081,638,865,254,433,392,438,361,275,472,554,1544,627,795,365,306,301,425,375,869,927,583,567,318,448,327,337,1352,1371,690,216,290,441,406,307,921,388
"k__Bacteria|p__Planctomycetes|c__Planctomycetacia|o__Planctomycetales|f__Gemmataceae|g__Zavarzinella|",139,86,121,121,430,179,103,385,485,134,238,111,103,169,96,32,64,44,176,541,198,147,152,284,460,223,120,92,179,165,50,71,97,172,461,91,117,101,160,551,188,83,461,344,81,200,39,70,149,101,46,78,82,135,478,158,323,80,41,72,111,127,292,458,136,151,88,77,62,107,537,367,165,33,87,90,109,78,338,142
"k__Bacteria|p__Planctomycetes|c__Planctomycetacia|o__Planctomycetales|f__Isosphaeraceae|g__Aquisphaera|",314,220,188,276,710,453,242,834,717,298,397,226,207,353,191,144,142,202,303,895,503,293,285,536,919,484,289,184,393,400,198,184,188,278,746,242,140,271,310,1053,542,205,719,535,333,373,132,279,154,227,112,106,213,231,859,307,452,175,132,209,214,239,467,571,280,356,177,148,149,156,644,660,318,151,188,190,203,125,484,236
"k__Bacteria|p__Planctomycetes|c__Planctomycetacia|o__Planctomycetales|f__Isosphaeraceae|g__Singulisphaera|",283,282,167,298,430,560,247,550,426,413,655,247,162,426,171,151,143,201,354,728,823,286,421,480,760,769,326,173,564,431,169,228,279,319,593,167,220,238,434,663,689,214,530,349,383,629,166,343,223,222,164,75,222,283,633,424,384,269,210,270,272,223,686,463,389,461,175,214,236,274,562,600,525,121,249,220,268,204,330,305
"k__Bacteria|p__Proteobacteria|",2412,2021,1097,1922,4782,2195,2012,5428,5015,1222,2040,1698,1810,2210,1380,1141,1216,1771,2120,6147,2768,1759,2224,4008,6248,2191,1804,2020,1865,1639,1225,1526,2233,2095,5220,1994,1598,1529,2250,7136,1787,1915,5395,3587,1356,2297,1192,2365,1384,1511,1358,906,2034,2190,6416,1397,3470,1086,1625,1898,2784,1546,4265,4558,1621,1406,1661,2082,2197,1577,5237,5928,1510,1089,2085,2415,1606,1345,4160,1406
"k__Bacteria|p__Proteobacteria|c__Alphaproteobacteria|",332,297,128,274,578,487,300,736,691,206,376,236,200,420,168,157,139,239,270,839,582,270,386,753,974,434,298,177,578,397,177,195,333,319,674,230,196,201,490,1101,269,208,588,543,293,621,155,355,184,217,215,100,277,254,1048,257,557,187,284,239,283,227,552,619,342,271,322,220,343,229,725,864,237,163,327,355,203,163,615,172
"k__Bacteria|p__Proteobacteria|c__Alphaproteobacteria|o__Caulobacterales|f__Caulobacteraceae|g__Caulobacter|",86,91,85,195,59,374,102,168,65,309,604,172,153,93,52,68,37,69,274,79,342,103,64,106,118,1208,129,114,348,239,90,109,97,225,139,98,24,100,150,94,665,123,69,62,199,481,87,122,211,127,69,48,91,74,102,418,106,185,70,104,221,81,412,72,351,491,120,106,83,302,120,86,310,89,143,140,117,52,51,244
"k__Bacteria|p__Proteobacteria|c__Alphaproteobacteria|o__Caulobacterales|f__Caulobacteraceae|g__Phenylobacterium|",1060,978,449,569,498,979,696,629,469,375,715,827,1261,774,490,243,660,1049,791,1180,925,594,600,597,780,1062,785,1497,865,663,471,492,1147,683,561,991,814,462,888,794,599,637,611,456,430,1120,479,1325,479,585,480,526,1246,646,742,491,470,406,633,591,1841,559,1208,568,565,506,667,1198,1127,665,644,562,583,478,758,1176,594,293,420,302
"k__Bacteria|p__Proteobacteria|c__Alphaproteobacteria|o__Micropepsales|f__Micropepsaceae|g__Rhizomicrobium|",360,305,160,288,471,709,432,826,632,287,509,277,229,405,290,181,182,274,367,694,870,278,363,728,1241,704,288,253,566,503,264,318,408,283,661,216,171,291,514,986,770,258,620,407,333,589,251,380,185,273,203,95,225,410,945,451,506,382,397,266,379,290,629,571,534,399,293,320,381,276,725,735,476,186,460,451,245,237,564,331
"k__Bacteria|p__Proteobacteria|c__Alphaproteobacteria|o__Rhizobiales|",1530,1192,809,1465,4526,2216,1162,5218,4279,1133,1937,1275,1131,2014,895,562,761,826,1814,5702,2898,1489,1543,3794,6107,2271,1376,1215,1815,1720,694,901,1148,1595,5362,1292,983,1228,2133,6583,1828,1172,5370,3784,1379,2309,541,1244,1043,1007,1071,504,1438,1621,6023,1353,3632,1062,936,1198,1694,1364,3172,4949,1677,1368,947,1326,1182,1286,5633,5144,1406,761,1050,1252,1091,862,3579,1238
"k__Bacteria|p__Proteobacteria|c__Alphaproteobacteria|o__Rhizobiales|f__Boseaceae|g__Bosea|",220,163,160,263,21,439,163,107,65,268,567,191,311,275,77,50,118,175,372,83,493,213,264,20,94,748,212,279,393,266,72,147,223,439,95,234,144,149,362,63,455,161,62,47,201,478,129,243,221,173,113,75,276,150,61,339,47,233,95,170,330,234,584,37,315,339,247,278,264,404,42,112,434,123,177,228,245,164,7,257
"k__Bacteria|p__Proteobacteria|c__Alphaproteobacteria|o__Rhizobiales|f__Bradyrhizobiaceae|",1044,1051,492,1038,3173,1277,989,3825,3133,887,1214,871,899,1479,672,447,509,860,1164,4131,1705,1006,1182,2711,4195,1406,1042,962,1316,861,546,662,870,1237,3644,1009,673,831,1321,4673,1313,909,3894,2843,750,1459,594,946,756,884,688,366,1096,994,3987,920,2727,703,646,1038,1156,813,2476,3342,1071,991,876,1021,803,931,3480,3284,1022,562,837,1035,796,584,2462,725
"k__Bacteria|p__Proteobacteria|c__Alphaproteobacteria|o__Rhizobiales|f__Bradyrhizobiaceae|g__Afipia|",183,140,113,138,365,156,182,392,335,94,156,215,160,97,96,50,57,110,131,511,255,80,178,369,537,201,220,224,86,187,126,77,119,99,448,190,100,167,238,498,279,217,478,353,94,136,88,241,69,81,189,77,218,204,394,114,320,155,169,122,293,82,371,387,127,113,127,132,201,98,476,410,148,171,160,196,66,79,210,66
"k__Bacteria|p__Proteobacteria|c__Alphaproteobacteria|o__Rhizobiales|f__Bradyrhizobiaceae|g__Bradyrhizobium|",1446,1238,1191,2062,3222,2472,1188,3580,3075,1945,2758,1433,1614,2079,892,544,684,946,2580,5756,3128,1662,1488,3207,4572,3252,1592,1897,2193,2078,857,879,1271,2416,4155,1542,912,1257,1949,4007,2671,1707,3672,2958,1540,3008,790,1286,1491,1444,1322,686,1808,1589,4008,2433,2793,1569,1051,1664,2531,1446,4341,3597,1864,1928,1750,1760,1159,1719,4853,3698,2236,986,1329,1564,1594,1029,2275,1669
"k__Bacteria|p__Proteobacteria|c__Alphaproteobacteria|o__Rhizobiales|f__Bradyrhizobiaceae|g__Pseudolabrys|",1404,1154,666,1173,3615,1449,1387,4099,3770,895,1264,1203,1185,1878,1071,664,696,1165,1495,5008,1814,1213,1420,3153,4755,1303,1399,1326,1059,1081,913,1023,1277,1490,4633,1125,898,1121,1574,5278,1262,1315,4670,3145,734,1176,632,1486,839,1256,824,575,1244,1505,5297,1040,3621,862,1085,1357,1780,1229,2827,4979,1271,1109,1280,1502,1239,1073,5269,5122,1235,806,1388,1659,1060,1207,3567,1071
"k__Bacteria|p__Proteobacteria|c__Alphaproteobacteria|o__Rhizobiales|f__Bradyrhizobiaceae|g__Rhodoplanes|",935,779,477,702,2689,867,816,2978,2695,635,821,719,667,1126,562,467,389,730,918,3449,1228,767,1015,2359,3433,828,783,708,688,613,524,496,739,856,3104,888,468,763,1168,3786,783,608,3166,2271,499,910,458,857,532,696,593,313,791,841,3817,687,2305,439,557,781,1001,756,1890,3025,730,554,688,946,715,655,3276,3161,755,403,678,907,510,624,2337,627
"k__Bacteria|p__Proteobacteria|c__Alphaproteobacteria|o__Rhizobiales|f__Devosiaceae|g__Devosia|",852,978,414,676,279,605,877,491,315,278,614,1033,1178,817,579,289,595,710,741,435,530,646,667,298,455,521,1034,1287,427,369,557,670,830,789,327,719,743,496,890,410,411,888,306,260,307,522,595,1159,382,716,705,445,1155,589,256,292,307,237,844,887,1515,421,1017,285,336,281,756,999,966,542,466,283,318,766,988,865,421,296,248,310
"k__Bacteria|p__Proteobacteria|c__Alphaproteobacteria|o__Rhizobiales|f__Hyphomicrobiaceae|",347,387,249,344,1325,566,411,1588,1398,512,500,386,419,618,201,234,237,231,479,1716,843,426,493,1324,1863,545,394,392,523,347,375,338,303,417,1461,365,254,354,564,1810,382,295,1615,1150,402,580,229,447,350,314,276,118,417,367,1891,459,1145,291,320,355,491,321,884,1654,508,349,306,373,335,385,1838,1603,415,247,425,336,240,243,1141,419
"k__Bacteria|p__Proteobacteria|c__Alphaproteobacteria|o__Rhizobiales|f__Hyphomicrobiaceae|g__Hyphomicrobium|",594,574,319,456,1585,1020,500,2195,1744,603,838,521,525,1024,412,317,319,414,743,2248,1288,719,779,1517,2249,854,580,574,890,676,330,469,498,700,2010,491,410,448,851,2383,786,551,1934,1352,536,956,285,589,439,539,519,242,604,613,2446,559,1445,471,393,425,679,601,1343,1874,760,427,571,509,513,623,2049,1903,653,316,590,621,457,448,1314,507
"k__Bacteria|p__Proteobacteria|c__Alphaproteobacteria|o__Rhizobiales|f__Hyphomicrobiaceae|g__Methyloceanibacter|",325,271,130,250,1139,530,297,1127,993,271,400,264,211,543,235,172,119,283,261,1442,556,273,446,944,1235,403,345,282,449,334,132,206,328,284,1313,201,196,311,395,1384,354,207,1433,910,272,563,162,365,206,276,236,97,269,315,1407,349,893,267,232,369,368,320,705,1192,441,345,267,331,313,211,1485,1454,377,199,298,359,275,309,983,262
"k__Bacteria|p__Proteobacteria|c__Alphaproteobacteria|o__Rhizobiales|f__Hyphomicrobiaceae|g__Methyloligella|",907,728,425,653,2658,1144,781,3177,2746,739,1186,686,666,1070,654,443,428,626,687,3458,1646,709,900,2183,3468,1059,778,638,1099,984,430,627,755,861,3509,756,527,786,1033,3760,1165,721,3521,2355,788,1205,432,701,592,742,493,317,658,934,3618,754,2272,607,645,675,933,727,1543,2955,1128,772,694,708,586,497,3466,3235,987,523,740,746,624,687,2460,708
"k__Bacteria|p__Proteobacteria|c__Alphaproteobacteria|o__Rhizobiales|f__Hyphomicrobiaceae|g__Pedomicrobium|",503,366,321,493,1696,971,303,2073,1914,422,716,399,440,729,337,196,195,317,592,2184,984,545,621,1368,2027,818,437,449,928,585,221,289,374,662,1957,436,250,486,892,2547,677,382,1855,1310,458,851,203,402,462,321,204,115,416,702,2531,491,1388,436,284,410,497,425,1217,2097,660,541,242,333,445,476,2051,2218,673,206,352,449,373,327,1552,414
"k__Bacteria|p__Proteobacteria|c__Alphaproteobacteria|o__Rhizobiales|f__Hyphomicrobiaceae|g__Rhodomicrobium|",97,82,48,103,252,159,73,316,292,111,175,61,77,120,42,39,59,65,151,377,194,85,110,248,278,149,87,60,151,84,29,75,55,114,359,100,56,80,132,415,112,65,356,320,111,167,39,56,73,68,49,33,92,142,386,130,251,79,54,70,80,96,208,348,153,103,80,59,76,62,314,338,91,33,91,67,80,84,241,106
"k__Bacteria|p__Proteobacteria|c__Alphaproteobacteria|o__Rhizobiales|f__Methylobacteriaceae|g__Microvirga|",2175,1928,994,1546,1401,1489,1670,1486,1328,1160,1813,1756,2658,2024,1175,870,1061,1808,2117,1706,1892,1220,1779,1143,1680,2239,2156,2966,1386,924,1109,1390,1920,1779,1751,2523,1606,1066,1893,1635,1543,1830,1695,1179,845,1309,1256,2200,1156,1746,1546,899,3277,1228,1704,1157,1164,800,1561,2272,4195,1249,3501,1655,1157,1085,2119,2772,2106,1440,1674,1601,1513,1339,1552,2250,1246,1028,1055,1131
"k__Bacteria|p__Proteobacteria|c__Alphaproteobacteria|o__Rhizobiales|f__Phyllobacteriaceae|g__Mesorhizobium|",1358,1242,981,1343,857,1790,1164,1020,1046,1275,2357,1445,1713,1483,825,606,771,1065,1872,1594,2177,1210,1245,810,1169,3239,1585,1792,1888,1347,856,1033,1158,1648,1081,1398,1144,867,1492,1279,2023,1435,1169,852,1200,1850,902,1481,1133,1309,1053,710,1898,1022,1140,1622,929,966,1169,1507,2384,1050,2882,1161,1415,1733,1463,1618,1378,1335,1337,1075,1950,1003,1377,1436,1079,839,744,1371
"k__Bacteria|p__Proteobacteria|c__Alphaproteobacteria|o__Rhizobiales|f__Rhizobiaceae|g__Rhizobium|",1322,1427,1234,1508,157,3073,1061,308,217,2510,4250,1510,2046,1766,700,517,672,979,2563,1207,4128,1368,1388,298,259,7297,1518,1784,3602,2171,773,794,1371,2190,208,1292,930,966,2300,168,3596,1585,232,235,1477,3957,829,1318,1767,1150,1008,607,2170,1012,233,3088,308,1877,1202,1827,2755,1112,4190,284,2177,3140,1559,1550,1563,2351,432,397,3912,1095,1514,1302,1778,925,105,2150
"k__Bacteria|p__Proteobacteria|c__Alphaproteobacteria|o__Rhizobiales|f__Rhizobiaceae|g__Shinella|",296,242,210,231,0,512,237,115,22,384,706,288,334,238,101,67,133,223,395,16,600,188,173,13,24,1195,360,338,467,461,135,132,211,338,37,274,127,149,302,7,630,226,20,10,385,549,206,225,265,267,248,134,429,202,12,576,6,179,207,276,446,173,491,23,266,385,187,274,211,311,64,11,579,177,281,209,234,43,0,325
"k__Bacteria|p__Proteobacteria|c__Alphaproteobacteria|o__Rhodospirillales|",1192,872,467,1027,2886,1686,1064,3318,3086,651,1432,781,852,1295,692,487,504,745,904,3664,2213,885,1123,2423,3995,2048,1054,778,1476,1169,530,665,1071,959,3606,805,536,839,1185,4740,1418,857,3173,2378,782,1862,560,1123,660,837,584,329,850,1141,3782,880,2486,754,798,859,1100,654,2088,2882,1280,1236,838,872,983,824,3245,3532,1192,476,1083,1042,613,648,2562,849
"k__Bacteria|p__Proteobacteria|c__Alphaproteobacteria|o__Rhodospirillales|f__Acetobacteraceae|",298,223,168,246,738,466,325,918,908,283,508,200,256,338,211,143,142,247,277,1013,553,223,287,652,1215,593,296,196,443,253,110,226,212,313,1010,253,179,179,316,1073,452,274,937,700,237,504,155,317,212,222,206,122,225,292,1094,308,581,239,188,211,365,197,611,685,335,307,226,274,267,188,801,873,328,141,283,216,212,123,633,265
"k__Bacteria|p__Proteobacteria|c__Alphaproteobacteria|o__Rhodospirillales|f__Azospirillaceae|",66,81,35,69,284,89,51,365,273,53,131,72,40,72,43,24,45,33,85,240,130,57,68,214,371,136,83,32,64,69,51,52,91,48,309,49,27,29,60,369,72,68,360,206,69,110,64,85,33,71,30,16,55,76,373,85,216,41,39,50,58,50,127,229,44,47,44,54,78,58,282,300,70,23,69,67,33,31,228,41
"k__Bacteria|p__Proteobacteria|c__Alphaproteobacteria|o__Rhodospirillales|f__Azospirillaceae|g__Skermanella|",334,239,184,230,704,416,250,748,617,290,466,240,267,329,152,104,117,195,321,721,586,270,261,635,829,603,273,252,435,282,104,177,238,293,864,284,192,236,381,917,399,242,713,560,248,479,167,268,210,215,185,115,353,246,907,314,554,204,185,282,376,240,586,625,322,322,236,265,257,225,870,755,362,141,225,336,223,172,504,293
"k__Bacteria|p__Proteobacteria|c__Alphaproteobacteria|o__Rhodospirillales|f__Reyranellaceae|g__Reyranella|",559,526,342,546,1034,928,479,1168,986,523,1005,505,555,805,388,258,237,405,646,1175,1106,474,689,868,1640,1157,427,487,998,701,286,378,498,535,1141,552,368,438,759,1244,1028,551,1000,832,594,1034,256,663,360,477,369,192,551,527,1355,674,741,587,429,536,505,451,1072,1001,649,687,365,569,479,447,1154,984,789,276,438,598,409,438,707,483
"k__Bacteria|p__Proteobacteria|c__Alphaproteobacteria|o__Rhodospirillales|f__Rhodospirillaceae|",310,306,160,318,581,811,249,635,596,335,681,240,263,319,186,90,154,220,342,600,943,333,242,546,724,996,245,232,885,551,174,168,290,305,604,291,169,273,472,731,643,258,639,377,363,1000,150,214,163,212,173,78,303,337,903,571,425,395,182,234,296,241,741,435,502,384,174,218,179,249,591,589,603,151,220,299,210,179,487,346
"k__Bacteria|p__Proteobacteria|c__Alphaproteobacteria|o__Rhodospirillales|f__Rhodospirillaceae|g__Dongia|",604,485,383,677,602,2192,461,980,805,1042,1888,559,520,695,285,175,285,393,945,1100,2364,744,658,1217,1064,3002,521,554,2139,1408,384,366,507,731,823,501,309,565,1074,908,1777,611,671,531,988,2570,277,564,589,568,561,269,563,688,1069,1437,584,1048,546,535,958,634,1887,720,1687,1438,532,528,557,798,795,853,1898,386,580,689,648,365,578,1044
"k__Bacteria|p__Proteobacteria|c__Alphaproteobacteria|o__Rhodospirillales|f__Rhodospirillaceae|g__Inquilinus|",64,44,22,42,15,235,60,17,5,234,346,35,57,89,24,31,17,4,152,3,219,77,112,4,10,730,56,77,275,172,22,40,70,97,12,77,19,55,91,4,322,68,25,12,100,310,19,51,47,41,53,13,51,34,20,320,4,127,17,58,96,33,198,2,167,368,69,57,27,71,10,10,474,41,70,51,58,54,0,240
"k__Bacteria|p__Proteobacteria|c__Alphaproteobacteria|o__Sphingomonadales|f__Erythrobacteraceae|g__Novosphingobium|",375,374,119,231,74,20,143,32,33,10,82,258,560,214,101,37,192,363,275,156,24,116,223,26,84,46,259,599,31,4,81,106,462,286,107,572,319,128,205,45,30,205,70,94,27,24,121,547,127,195,162,237,480,153,68,18,43,17,107,247,762,131,483,85,28,3,174,516,361,130,122,90,17,158,158,545,166,43,21,6
"k__Bacteria|p__Proteobacteria|c__Alphaproteobacteria|o__Sphingomonadales|f__Sphingomonadaceae|g__Sphingomicrobium|",301,168,101,221,50,641,146,86,117,295,534,171,310,112,131,62,119,154,279,131,594,208,125,77,161,609,193,239,483,311,107,107,161,239,132,234,151,131,243,200,454,169,87,69,330,495,85,197,222,198,166,104,286,181,82,384,86,222,116,145,256,132,306,62,297,337,189,186,135,126,108,78,468,112,128,163,146,96,41,274
"k__Bacteria|p__Proteobacteria|c__Alphaproteobacteria|o__Sphingomonadales|f__Sphingomonadaceae|g__Sphingomonas|",3407,3105,1196,2305,2466,2945,2551,2547,2316,1887,3233,2403,3700,1946,2134,1162,1646,2328,2543,3491,3548,1953,1578,1974,3683,4121,3464,3154,2513,1777,1753,1933,2907,2501,3440,3427,2255,1461,2406,3145,3239,2718,3215,2368,1357,2635,1430,3143,1803,2875,2270,1266,3608,1744,2820,2526,2520,1322,2455,2898,3943,1505,4323,2846,2107,2076,2868,3135,2738,1777,3328,2526,2783,2081,2516,2910,1529,1093,1821,1792
"k__Bacteria|p__Proteobacteria|c__Betaproteobacteria|",2273,2146,1116,1709,4839,1831,2124,5808,5245,1212,1781,1693,1925,2432,1573,1072,997,1549,2011,6216,2675,1779,2030,3902,6426,1664,2188,1766,1455,1546,1255,1459,1970,2102,5698,1810,1280,1593,2429,7390,1705,1814,5879,4231,1079,2038,885,2071,1348,1909,1378,769,1992,2135,6352,1332,4027,834,1614,1884,2353,1618,4184,5329,1435,1220,1775,1909,1884,1652,5875,5738,1533,1127,1991,2376,1344,1318,4112,1192
"k__Bacteria|p__Proteobacteria|c__Betaproteobacteria|o__Burkholderiales|",1042,807,510,894,2418,903,931,2783,2636,625,1176,933,873,1239,646,406,532,710,1094,2898,1294,871,1153,2048,3161,865,1084,832,826,884,533,718,931,1068,2772,818,547,831,1272,3551,888,785,2961,1959,567,913,463,928,614,773,534,346,934,1165,3292,702,2040,563,760,991,1126,809,2181,2712,1029,787,919,957,841,791,2999,2963,882,499,990,922,823,722,2130,743
"k__Bacteria|p__Proteobacteria|c__Betaproteobacteria|o__Burkholderiales|f__Burkholderiaceae|g__Caballeronia|",279,279,228,380,73,787,235,134,121,437,888,236,245,422,143,99,148,167,548,80,749,262,229,63,109,1299,267,311,556,438,165,216,128,388,115,272,148,291,369,99,638,243,79,102,427,577,109,196,241,243,203,101,264,261,46,620,101,423,205,282,414,307,783,128,544,629,300,283,222,291,78,104,698,242,255,196,349,125,64,466
"k__Bacteria|p__Proteobacteria|c__Betaproteobacteria|o__Burkholderiales|f__Burkholderiaceae|g__Cupriavidus|",4675,3388,1737,2473,152,2202,4081,125,167,1160,2297,3705,3594,2779,2341,1900,2313,3954,3366,183,2267,2264,2491,145,109,3129,3255,3914,2130,1217,2403,3266,4644,2851,188,3426,2702,1891,3207,124,1889,3673,121,125,1124,2269,2254,4217,1778,3080,2296,1968,4679,2886,183,1667,95,979,3482,3315,5213,2007,5815,135,1803,1633,3402,4163,4532,2404,204,193,1792,2192,3400,4500,2175,1820,158,1319
"k__Bacteria|p__Proteobacteria|c__Betaproteobacteria|o__Burkholderiales|f__Burkholderiaceae|g__Paraburkholderia|",54,3,80,98,56,677,14,20,9,328,449,66,12,23,39,1,28,23,221,45,712,52,56,334,21,928,24,10,359,362,0,23,23,75,7,26,1,66,155,24,2795,28,54,43,243,617,17,96,60,9,25,5,4,119,50,398,9,317,15,3,68,58,189,8,254,403,25,24,22,127,248,20,375,30,51,10,18,20,13,199
"k__Bacteria|p__Proteobacteria|c__Betaproteobacteria|o__Burkholderiales|f__Comamonadaceae|",372,424,276,436,601,288,315,578,684,307,503,374,397,487,193,139,114,280,513,825,475,355,484,661,929,422,376,466,305,309,177,194,405,518,877,487,297,267,550,936,331,392,717,630,158,305,163,424,248,417,310,138,493,440,959,257,555,136,247,452,580,323,1020,811,336,297,480,402,376,394,930,861,213,256,347,524,354,179,544,235
"k__Bacteria|p__Proteobacteria|c__Betaproteobacteria|o__Burkholderiales|f__Comamonadaceae|g__Piscinibacter|",214,285,131,251,434,217,209,320,406,222,237,199,273,285,188,96,147,143,334,586,287,268,228,305,344,272,269,261,225,163,80,128,250,310,554,188,149,223,255,432,247,291,433,337,148,235,131,254,165,221,183,94,252,208,446,193,341,150,175,255,344,204,629,494,199,177,293,356,154,223,611,503,245,187,223,267,165,173,317,176
"k__Bacteria|p__Proteobacteria|c__Betaproteobacteria|o__Burkholderiales|f__Comamonadaceae|g__Ramlibacter|",1459,1257,891,1128,574,666,1507,416,565,538,764,1278,1333,1526,801,729,822,1252,1608,660,987,1360,1534,471,920,794,1334,1465,622,606,939,986,1303,1600,607,1351,1139,1175,1715,737,595,1346,505,484,420,755,761,1478,818,1312,1204,670,1571,1546,805,572,443,284,1304,1538,1997,1143,2976,516,693,374,1762,1685,1470,1219,723,795,635,795,1244,1512,1028,1023,461,452
"k__Bacteria|p__Proteobacteria|c__Betaproteobacteria|o__Burkholderiales|f__Comamonadaceae|g__Variovorax|",649,476,609,955,193,885,523,122,138,620,1303,609,768,724,270,118,300,366,1318,287,1093,580,622,161,201,1633,704,858,966,495,295,374,395,1072,267,658,585,519,888,222,979,610,236,237,471,835,348,551,620,611,508,375,924,666,206,750,181,396,372,806,1084,521,1868,245,785,884,684,958,587,924,333,187,1003,425,503,460,776,304,106,598
"k__Bacteria|p__Proteobacteria|c__Betaproteobacteria|o__Burkholderiales|f__Oxalobacteraceae|g__Pseudoduganella|",325,300,138,313,0,234,280,20,15,293,305,294,225,131,163,89,99,217,272,8,317,146,175,40,9,499,250,238,308,143,168,132,362,130,15,236,97,127,326,19,260,228,17,34,138,371,151,279,191,234,175,91,273,214,11,218,25,142,277,287,272,108,516,24,186,169,301,224,252,253,75,42,215,102,287,244,198,108,9,184
"k__Bacteria|p__Proteobacteria|c__Betaproteobacteria|o__Nitrosomonadales|",548,481,259,489,1308,578,538,1411,1651,311,468,444,269,728,273,243,221,317,548,1852,866,572,689,1441,2395,429,397,390,481,522,297,331,411,579,1627,469,297,414,756,2156,488,366,1516,1151,307,575,181,418,304,415,272,131,445,655,2109,362,1159,271,312,484,435,512,1185,1331,531,318,340,422,304,397,1746,1817,342,198,438,532,439,380,1154,273
"k__Bacteria|p__Proteobacteria|c__Betaproteobacteria|o__Nitrosomonadales|f__Gallionellaceae|",109,53,54,101,284,80,67,351,328,37,123,111,88,155,58,54,35,57,113,292,150,138,139,246,514,73,94,59,112,113,52,82,41,125,318,83,59,103,116,538,70,64,294,214,86,121,56,84,57,94,65,43,54,159,477,52,264,51,74,100,105,134,270,345,90,22,66,74,59,68,326,346,100,63,66,111,84,111,231,40
"k__Bacteria|p__Proteobacteria|c__Betaproteobacteria|o__Nitrosomonadales|f__Nitrosomonadaceae|g__Nitrosospira|",558,502,91,112,426,59,488,379,435,67,82,390,518,158,352,241,296,414,109,559,143,122,118,454,424,120,403,470,39,65,227,365,590,155,504,460,385,66,152,590,78,467,517,311,19,126,279,512,69,402,265,175,408,132,487,75,357,23,348,420,582,107,298,458,71,29,367,493,537,94,599,471,48,261,480,595,100,79,439,64
"k__Bacteria|p__Proteobacteria|c__Betaproteobacteria|o__Nitrosomonadales|f__Sterolibacteriaceae|",129,89,82,130,369,122,68,398,391,89,137,119,62,136,91,67,29,83,148,448,219,145,124,307,529,119,65,94,145,75,81,100,122,118,418,110,71,118,170,483,111,82,368,217,110,124,48,129,68,126,86,27,97,166,436,94,270,89,72,89,101,103,235,258,117,67,66,62,98,95,371,439,128,40,88,151,63,100,216,101
"k__Bacteria|p__Proteobacteria|c__Betaproteobacteria|o__Nitrosomonadales|f__Thiobacillaceae|g__Sulfuritortus|",127,90,84,127,471,159,113,422,378,98,146,134,82,173,79,53,58,91,132,471,220,139,149,322,667,95,97,126,129,96,71,96,77,153,479,103,51,132,183,550,142,118,391,276,95,147,60,122,88,138,66,72,85,153,578,93,291,90,73,93,131,86,341,299,112,55,97,91,79,142,377,456,102,63,118,167,66,97,337,72
"k__Bacteria|p__Proteobacteria|c__Deltaproteobacteria|",1463,1296,716,1000,3995,2134,1192,4246,3903,1066,1566,1017,1237,1624,691,586,664,1003,1583,4983,2856,1020,1438,3502,4742,1794,998,1172,1878,1391,672,932,1315,1515,4265,1062,917,1079,1964,5745,1436,808,4529,2894,1257,2179,593,1389,842,944,769,499,1330,1396,5217,1107,3216,850,912,1007,1595,1134,2880,3975,1608,1137,1077,1099,1120,1093,4594,4875,1170,638,1033,1286,867,949,3213,932
"k__Bacteria|p__Proteobacteria|c__Deltaproteobacteria|o__Desulfuromonadales|f__Geobacteraceae|g__Geobacter|",48,23,19,16,464,53,45,454,283,32,32,63,3,81,13,9,14,13,79,445,89,69,44,396,631,115,35,36,41,51,40,23,22,38,569,34,44,60,81,620,43,45,362,326,64,54,8,75,40,43,43,19,22,28,792,44,254,29,54,29,73,21,139,421,75,23,19,65,23,13,415,475,26,28,29,41,29,30,382,27
"k__Bacteria|p__Proteobacteria|c__Deltaproteobacteria|o__Myxococcales|",1702,1637,1268,1567,2236,2913,1243,2718,2489,1025,2170,1188,1507,2328,946,637,938,1342,2360,3646,3474,1911,1984,2293,3593,1900,1297,1771,2634,2005,961,1002,1645,2139,2710,1316,1113,1619,2549,3498,1361,1117,2563,2093,1526,2820,729,1665,1343,1367,966,650,1544,2158,3494,1203,1892,1128,1290,1155,2085,1711,3511,2209,1957,1097,1568,1506,1570,1603,2942,3306,1280,925,1603,1592,1462,1199,1869,1163
"k__Bacteria|p__Proteobacteria|c__Deltaproteobacteria|o__Myxococcales|f__Anaeromyxobacteraceae|g__Anaeromyxobacter|",99,56,62,67,435,120,66,526,391,62,97,113,96,196,48,38,36,77,63,536,107,74,147,413,493,179,120,64,86,83,51,67,132,101,674,75,63,107,128,760,103,86,580,413,38,106,46,82,44,75,87,47,79,163,556,53,324,120,56,82,124,49,227,500,65,80,82,125,87,54,590,504,90,74,97,90,76,31,390,118
"k__Bacteria|p__Proteobacteria|c__Deltaproteobacteria|o__Myxococcales|f__Cystobacteraceae|",257,189,69,138,404,271,168,516,479,140,268,176,208,224,111,75,98,202,223,468,414,156,188,368,480,268,210,240,227,174,106,106,220,194,432,118,126,101,236,535,164,145,458,351,101,143,123,277,136,199,170,60,257,135,485,167,421,61,178,181,431,142,537,396,148,187,237,249,271,178,352,446,156,78,194,230,148,93,284,140
"k__Bacteria|p__Proteobacteria|c__Deltaproteobacteria|o__Myxococcales|f__Cystobacteraceae|g__Archangium|",1939,1621,799,1183,284,841,1231,222,138,711,775,1100,1772,1685,790,447,798,1613,1091,313,1954,1356,1301,156,748,1131,1314,2038,1141,640,717,1029,2281,1761,218,1409,1158,741,1806,254,779,1032,248,104,421,1084,736,1728,751,1392,1199,652,2499,1029,195,628,176,562,1336,1200,2448,1197,2783,216,837,466,2097,1812,2182,1049,223,411,643,807,993,1659,923,830,125,504
"k__Bacteria|p__Proteobacteria|c__Deltaproteobacteria|o__Myxococcales|f__Cystobacteraceae|g__Cystobacter|",974,562,457,677,433,450,1019,493,509,394,376,665,959,917,443,302,634,881,649,655,872,610,909,331,796,581,696,910,448,470,364,562,936,980,694,818,572,431,671,665,462,503,658,411,290,751,440,845,480,671,510,435,1168,607,607,392,410,292,1001,553,1274,621,1564,567,468,312,858,804,839,506,667,665,300,366,547,760,538,383,374,270
"k__Bacteria|p__Proteobacteria|c__Deltaproteobacteria|o__Myxococcales|f__Haliangiaceae|g__Haliangium|",82,103,39,122,409,170,77,430,463,96,147,114,130,128,73,54,53,78,121,432,276,112,106,368,524,181,65,106,207,128,59,88,114,111,443,95,58,132,146,485,87,109,382,263,88,199,78,93,51,104,61,43,81,85,485,171,325,86,100,117,185,64,256,306,138,107,71,118,114,101,449,444,103,80,137,96,113,88,322,79
"k__Bacteria|p__Proteobacteria|c__Deltaproteobacteria|o__Myxococcales|f__Kofleriaceae|g__Kofleria|",570,477,258,474,1757,944,419,2204,2235,493,760,438,458,690,355,311,209,308,696,2393,1194,466,597,1673,2821,693,432,468,896,709,252,397,463,590,2132,432,304,359,656,2610,633,549,2083,1456,515,951,301,447,430,430,329,166,424,477,2754,520,1243,349,386,535,748,459,1381,1894,724,644,460,479,466,541,2285,2464,566,259,461,596,403,371,1461,458
"k__Bacteria|p__Proteobacteria|c__Deltaproteobacteria|o__Myxococcales|f__Labilitrichaceae|g__Labilithrix|",651,668,385,577,890,954,718,1121,974,414,714,526,575,1023,410,325,327,495,709,1211,1331,689,804,876,1278,818,481,469,929,658,471,539,643,751,1135,446,361,515,1053,1422,610,553,1076,762,575,1028,339,700,385,460,410,227,514,668,1521,562,685,501,657,505,836,621,1236,1061,751,470,480,559,590,561,1068,1261,598,342,674,703,565,463,850,463
"k__Bacteria|p__Proteobacteria|c__Deltaproteobacteria|o__Myxococcales|f__Myxococcaceae|g__Aggregicoccus|",458,587,335,396,137,295,320,136,122,228,224,416,448,549,350,216,206,387,843,72,260,406,434,92,162,297,642,858,297,144,239,458,643,692,113,547,471,409,366,156,176,495,96,98,129,402,190,343,331,465,435,173,402,571,132,219,80,40,284,392,688,361,753,93,193,109,787,598,595,428,89,106,289,287,620,398,320,217,60,142
"k__Bacteria|p__Proteobacteria|c__Deltaproteobacteria|o__Myxococcales|f__Nannocystaceae|g__Nannocystis|",3523,3150,723,1067,49,420,1778,100,43,288,449,1699,2123,1544,1396,1254,1893,2445,1293,73,526,1016,1479,59,119,763,1589,2532,505,404,1419,1625,2695,1235,102,1736,1625,791,1439,103,375,1620,63,30,311,456,1329,3091,772,1512,1381,890,2125,1044,74,375,33,310,2035,1345,3494,922,1956,75,402,293,1479,2391,2682,942,79,62,453,1141,2133,2845,960,695,19,268
"k__Bacteria|p__Proteobacteria|c__Deltaproteobacteria|o__Myxococcales|f__Polyangiaceae|",825,650,799,1021,1991,1852,638,2173,2153,762,1372,704,638,1313,404,283,404,609,1302,2890,2067,1208,1115,2062,3654,1389,670,706,1688,1523,546,561,583,1521,2594,640,455,981,1600,3036,1017,637,2290,2050,1053,1971,311,710,832,719,578,270,612,1153,3041,924,1674,831,617,704,996,1030,2529,2240,1481,917,797,713,628,1005,2724,2698,1018,501,677,834,1007,679,1671,722
"k__Bacteria|p__Proteobacteria|c__Deltaproteobacteria|o__Myxococcales|f__Polyangiaceae|g__Aetherobacter|",75,104,79,133,354,189,58,427,253,52,136,92,115,223,45,5,64,44,233,569,196,85,163,298,690,186,78,87,110,196,53,113,105,143,605,46,41,125,282,525,87,92,442,364,114,173,56,107,204,79,94,25,57,165,533,112,445,71,72,52,219,127,269,451,149,43,36,98,87,101,552,508,111,77,86,146,64,114,263,72
"k__Bacteria|p__Proteobacteria|c__Deltaproteobacteria|o__Myxococcales|f__Polyangiaceae|g__Jahnella|",58,58,58,94,181,316,111,284,316,69,234,71,43,189,84,15,73,59,120,470,288,121,146,433,489,165,95,56,213,255,71,28,56,144,256,41,43,163,258,300,173,60,419,184,179,219,24,73,86,113,60,25,52,210,485,135,201,132,73,79,109,235,319,247,195,80,78,54,56,107,405,394,78,45,103,77,101,82,213,126
"k__Bacteria|p__Proteobacteria|c__Deltaproteobacteria|o__Myxococcales|f__Polyangiaceae|g__Minicystis|",94,48,57,140,381,319,57,460,534,147,267,33,41,203,60,23,39,40,152,423,448,181,115,474,664,268,57,33,331,318,52,49,40,221,492,42,17,155,233,621,204,62,520,341,176,443,18,74,94,45,21,16,57,198,689,227,333,163,29,15,61,118,365,360,298,148,42,56,58,93,568,579,156,6,60,98,106,94,415,126
"k__Bacteria|p__Proteobacteria|c__Deltaproteobacteria|o__Myxococcales|f__Polyangiaceae|g__Polyangium|",230,429,395,471,269,523,341,194,276,143,342,172,332,745,156,124,179,160,660,286,500,446,692,202,321,382,144,314,369,411,186,164,254,733,222,295,254,386,1036,411,154,190,249,222,213,408,195,268,392,262,315,158,285,545,339,366,148,201,239,273,671,383,1398,305,291,220,421,478,312,513,346,260,254,154,195,274,569,233,211,193
"k__Bacteria|p__Proteobacteria|c__Deltaproteobacteria|o__Myxococcales|f__Polyangiaceae|g__Sorangium|",171,235,262,407,266,442,726,329,295,121,216,530,152,683,463,340,85,154,483,408,447,419,460,318,408,229,560,124,414,294,466,552,208,469,501,129,160,337,552,494,226,557,311,209,240,409,422,225,422,447,498,37,125,427,388,114,248,239,641,524,283,377,867,356,371,140,632,265,177,388,366,358,167,402,776,193,324,298,239,185
"k__Bacteria|p__Proteobacteria|c__Deltaproteobacteria|o__Myxococcales|f__Sandaracinaceae|g__Sandaracinus|",887,817,462,702,195,857,642,279,314,371,838,682,795,885,428,289,410,687,1004,558,1136,682,685,220,399,864,555,745,927,680,485,386,819,899,289,668,520,550,1019,395,501,589,324,214,534,909,425,937,570,585,596,298,965,659,345,467,254,356,612,678,1220,547,1514,268,585,436,698,864,730,682,382,416,467,474,775,895,681,423,224,427
"k__Bacteria|p__Proteobacteria|c__Deltaproteobacteria|o__Myxococcales|f__Vulgatibacteraceae|g__Vulgatibacter|",637,449,82,163,23,45,449,61,45,30,53,284,597,192,230,218,269,394,189,59,73,160,239,53,95,127,405,621,59,51,273,369,393,124,67,457,413,57,215,59,32,405,77,39,42,67,368,595,96,350,357,167,667,90,76,16,45,58,381,574,750,112,257,68,41,31,407,617,623,155,68,72,28,316,487,468,167,97,39,46
"k__Bacteria|p__Proteobacteria|c__Deltaproteobacteria|o__Syntrophobacterales|f__Syntrophobacteraceae|g__Desulfoglaeba|",64,42,22,41,377,206,65,251,311,47,99,47,34,54,27,37,28,47,76,394,277,99,71,235,320,106,65,44,178,108,24,43,36,62,342,34,43,67,130,436,94,47,276,182,91,190,33,23,59,65,22,31,66,61,369,76,166,99,35,35,61,85,95,250,131,99,46,38,37,92,281,272,78,31,51,85,36,45,259,50
"k__Bacteria|p__Proteobacteria|c__Gammaproteobacteria|",1505,1439,601,1045,1656,1541,1409,2332,2509,714,1362,843,854,1631,928,640,837,1199,1380,2408,1755,1249,1392,2065,3294,1484,988,986,1337,1065,892,1032,1570,1307,2370,932,553,1080,1643,3181,1314,1162,2229,1610,1044,1641,883,1930,692,955,689,424,956,1367,3229,827,1469,796,1233,903,1233,1063,2662,1937,1238,879,1018,1097,1457,998,2678,2898,1175,626,1636,2270,762,989,1707,778
"k__Bacteria|p__Proteobacteria|c__Gammaproteobacteria|o__Gammaproteobacteria_incertae_sedis|f__Acidibacter|",1357,1162,833,1373,2322,1994,1232,3335,2984,735,1434,1241,1109,1623,834,412,745,842,1864,3358,2023,1446,1185,2885,4166,1457,1286,1308,1870,1635,837,848,992,1526,3515,927,719,1240,2133,3392,1238,1334,2817,2230,1035,2178,879,1286,975,1105,1058,573,1133,1460,3697,1013,1980,971,1253,1099,1593,1219,2753,2352,1332,799,1193,1318,1154,1202,3293,2710,1057,719,1335,1711,941,845,1732,709
"k__Bacteria|p__Proteobacteria|c__Gammaproteobacteria|o__Gammaproteobacteria_incertae_sedis|f__Candidatus_Carsonella|",685,404,251,265,27,287,658,73,26,274,355,406,475,338,307,381,338,550,457,8,231,115,341,64,47,358,573,663,195,182,277,456,479,429,59,592,628,236,319,66,277,478,39,32,170,160,385,740,204,284,343,424,632,333,37,117,17,104,325,385,788,339,696,32,205,195,378,551,607,293,42,69,274,237,473,656,310,210,29,125
"k__Bacteria|p__Proteobacteria|c__Gammaproteobacteria|o__Legionellales|f__Coxiellaceae|g__Aquicella|",487,575,127,225,501,236,459,813,711,154,277,263,318,486,210,248,235,341,253,627,423,330,399,567,882,394,395,282,297,204,242,378,458,236,502,336,185,208,566,890,310,389,606,374,177,288,177,698,111,261,238,141,396,348,841,165,401,164,322,374,389,250,483,469,236,176,236,386,532,199,465,775,271,210,396,440,162,227,534,135
"k__Bacteria|p__Proteobacteria|c__Gammaproteobacteria|o__Nevskiales|f__Steroidobacteraceae|g__Povalibacter|",434,420,193,313,686,295,294,595,770,139,224,363,346,330,224,161,260,287,425,703,334,341,277,486,815,168,370,440,237,247,258,246,349,389,676,386,298,266,397,769,233,386,638,482,137,277,175,395,241,294,298,173,483,303,825,193,424,150,256,348,499,279,729,661,257,128,325,385,301,385,624,670,180,177,315,474,238,179,468,98
"k__Bacteria|p__Proteobacteria|c__Gammaproteobacteria|o__Nevskiales|f__Steroidobacteraceae|g__Steroidobacter|",925,908,523,754,896,497,557,849,1034,331,435,761,1061,569,516,255,492,708,939,1129,565,620,641,718,991,479,824,1175,433,453,533,448,832,922,1064,794,611,480,838,1174,437,840,964,699,331,532,596,1042,590,664,603,529,1233,654,1147,417,726,238,685,864,1390,552,1754,1002,445,325,814,1157,804,659,1152,1067,350,581,979,961,595,355,635,356
"k__Bacteria|p__Proteobacteria|c__Gammaproteobacteria|o__Pseudomonadales|f__Pseudomonadaceae|g__Pseudomonas|",2576,2485,1823,4187,72,4338,1715,89,104,2838,5329,1800,2364,2701,1028,552,975,1674,3317,95,4119,2141,2116,137,120,7643,1626,2408,3777,2189,875,1264,2056,3249,104,2223,1380,1463,3497,125,3101,1216,111,29,1831,3681,1144,2365,1123,1829,1402,787,2409,2642,116,2983,45,1627,1446,1723,3339,1852,4851,59,2762,3120,1638,2264,2277,2362,100,119,4122,1077,1524,1820,2013,1272,50,1334
"k__Bacteria|p__Proteobacteria|c__Gammaproteobacteria|o__Xanthomonadales|f__Rhodanobacteraceae|g__Dokdonella|",1065,1212,867,1198,535,1949,1012,809,424,1042,1641,1843,1588,621,881,252,639,917,1695,625,1717,716,492,304,491,3397,1939,1617,1820,1275,787,455,1030,1734,533,963,500,669,830,463,2241,2102,344,323,784,2122,686,1066,1058,1715,1261,764,1478,905,429,1784,516,905,1026,1437,1740,408,2661,507,1416,1469,1581,1105,946,1370,536,404,1839,1114,1271,1297,1138,273,268,1071
"k__Bacteria|p__Proteobacteria|c__Gammaproteobacteria|o__Xanthomonadales|f__Rhodanobacteraceae|g__Dyella|",50,61,37,119,0,358,71,8,0,325,457,25,90,114,15,26,17,20,113,0,575,41,70,10,0,1375,114,124,379,164,21,20,32,109,5,118,34,12,63,9,1421,128,10,10,199,402,14,92,43,53,69,39,57,35,5,540,0,186,70,104,102,28,242,5,213,306,52,50,24,103,40,1,650,34,42,44,81,17,0,197
"k__Bacteria|p__Proteobacteria|c__Gammaproteobacteria|o__Xanthomonadales|f__Rhodanobacteraceae|g__Luteibacter|",0,0,0,13,0,271,0,0,0,270,229,0,0,0,1,0,0,0,0,0,357,0,0,0,0,709,0,0,285,152,0,0,0,5,0,0,0,0,7,0,140,16,0,0,172,284,0,0,0,0,0,0,3,8,0,275,4,24,0,0,0,0,49,0,122,218,0,0,0,7,0,0,528,0,1,0,0,6,0,142
"k__Bacteria|p__Proteobacteria|c__Gammaproteobacteria|o__Xanthomonadales|f__Rhodanobacteraceae|g__Rhodanobacter|",571,591,137,185,25,101,368,12,10,61,205,364,344,156,433,241,234,441,236,31,195,142,163,19,20,177,406,412,138,109,275,323,602,237,27,388,257,110,191,36,257,586,50,24,48,161,456,668,92,422,211,142,343,150,17,114,13,64,377,408,360,107,314,25,86,91,350,421,841,165,51,58,101,210,629,546,144,102,4,74
"k__Bacteria|p__Proteobacteria|c__Gammaproteobacteria|o__Xanthomonadales|f__Rhodanobacteraceae|g__Rudaea|",50,49,88,99,252,283,118,360,349,181,301,91,75,183,47,41,60,58,141,585,304,102,111,223,650,342,166,51,227,183,51,65,77,186,455,77,20,86,140,494,368,122,341,335,163,217,61,73,122,83,62,26,67,174,343,208,366,128,51,97,57,107,237,431,197,181,51,91,61,82,456,385,299,28,69,92,69,75,215,184
"k__Bacteria|p__Proteobacteria|c__Gammaproteobacteria|o__Xanthomonadales|f__Xanthomonadaceae|g__Arenimonas|",669,578,485,848,1007,785,756,1095,971,451,922,688,448,1632,437,265,327,447,962,1248,1180,902,1212,822,1246,764,707,552,740,651,566,508,661,1028,1242,673,376,684,1261,1434,600,596,1200,972,517,764,245,664,621,658,546,240,601,976,1287,541,928,389,655,762,741,773,1840,988,657,565,876,632,610,722,1099,1182,602,422,512,829,722,699,801,570
"k__Bacteria|p__Proteobacteria|c__Gammaproteobacteria|o__Xanthomonadales|f__Xanthomonadaceae|g__Luteimonas|",882,676,354,633,79,1049,711,64,78,542,1239,754,996,477,591,457,419,637,739,102,1087,532,522,21,53,1799,980,885,939,586,488,609,676,639,56,749,639,289,553,46,1056,907,94,59,433,1000,643,972,579,747,726,407,995,343,58,798,64,431,759,848,1232,383,1464,116,816,684,981,900,776,723,83,49,1164,583,906,713,566,295,30,805
"k__Bacteria|p__Proteobacteria|c__Gammaproteobacteria|o__Xanthomonadales|f__Xanthomonadaceae|g__Lysobacter|",3870,3145,1790,3140,162,4297,2970,115,121,2345,4736,3079,4398,2033,2380,1254,1669,2298,4107,383,4347,2333,1944,245,163,8017,4235,4662,4436,1810,2054,2265,2541,3454,252,4360,3093,1485,3268,246,3383,3462,208,185,1681,3352,2075,3435,2439,3527,3587,1703,5507,1427,157,2438,198,1385,2962,4106,5420,1641,6092,270,2491,2548,4138,4728,2683,3293,257,158,4339,2528,2902,2598,2673,959,131,2272
"k__Bacteria|p__Verrucomicrobia|",1009,846,642,1136,132,641,951,143,130,389,653,992,1042,1034,593,446,562,942,1212,196,624,766,1003,81,144,1054,934,1076,593,436,555,727,1071,1177,200,822,738,574,998,172,575,889,133,107,323,633,541,1157,737,757,688,577,1231,789,93,598,100,352,720,851,1437,713,1820,130,473,471,793,991,975,900,159,156,704,636,985,953,949,678,101,429
"k__Bacteria|p__Verrucomicrobia|c__Spartobacteria|",569,460,271,490,1779,1008,621,1789,1684,530,995,440,496,792,428,258,316,392,622,2242,1298,550,592,1227,1929,1189,546,392,1014,814,342,406,441,567,2238,358,390,502,609,2259,961,501,2058,1519,608,1001,252,559,395,535,355,199,488,608,2024,845,1501,560,441,472,608,505,1155,1935,917,775,536,539,485,399,2320,2349,891,287,584,488,415,413,1257,549
"k__Bacteria|p__Verrucomicrobia|c__Subdivision3|",727,641,339,572,1864,832,665,2179,2282,358,680,533,489,843,456,290,379,522,697,2425,1065,761,758,1412,2779,618,475,446,720,690,358,507,542,730,2064,592,335,626,955,2794,687,387,2063,1522,499,921,295,691,463,466,304,218,526,833,3262,489,1151,452,462,454,570,579,1499,1798,670,489,442,455,486,529,2223,2338,619,251,636,731,506,472,1703,394
"k__Bacteria|p__Verrucomicrobia|c__Verrucomicrobiae|o__Verrucomicrobiales|f__Verrucomicrobiaceae|g__Roseimicrobium|",20,25,119,133,4,367,23,14,12,204,379,68,45,69,15,9,17,10,209,35,348,77,73,11,10,478,46,65,272,208,15,16,26,191,6,24,38,69,121,11,176,23,8,6,136,302,20,22,93,33,14,34,49,80,33,289,20,113,12,9,49,68,321,12,206,312,25,43,12,124,1,11,387,29,16,20,134,49,20,146
"k__Bacteria|p__candidate_division_WPS-1|",387,347,224,436,633,807,417,676,693,549,853,377,368,440,314,197,240,290,646,832,1045,437,441,541,817,1077,461,360,712,581,265,228,359,586,841,364,316,355,483,1045,836,369,766,565,381,721,276,410,357,441,256,182,339,447,811,683,586,336,348,430,481,415,1128,652,670,626,450,432,362,431,840,863,832,263,408,418,410,252,566,566
