"","Wooliver_16S_1A10_Beever240927_S73","Wooliver_16S_1A6_Beever240927_S41","Wooliver_16S_1A7_Beever240927_S49","Wooliver_16S_1A8_Beever240927_S57","Wooliver_16S_1A9_Beever240927_S65","Wooliver_16S_1B10_Beever240927_S74","Wooliver_16S_1B6_Beever240927_S42","Wooliver_16S_1B7_Beever240927_S50","Wooliver_16S_1B8_Beever240927_S58","Wooliver_16S_1B9_Beever240927_S66","Wooliver_16S_1C10_Beever240927_S75","Wooliver_16S_1C6_Beever240927_S43","Wooliver_16S_1C7_Beever240927_S51","Wooliver_16S_1C8_Beever240927_S59","Wooliver_16S_1C9_Beever240927_S67","Wooliver_16S_1D10_Beever240927_S76","Wooliver_16S_1D6_Beever240927_S44","Wooliver_16S_1D7_Beever240927_S52","Wooliver_16S_1D8_Beever240927_S60","Wooliver_16S_1D9_Beever240927_S68","Wooliver_16S_1E10_Beever240927_S77","Wooliver_16S_1E6_Beever240927_S45","Wooliver_16S_1E7_Beever240927_S53","Wooliver_16S_1E8_Beever240927_S61","Wooliver_16S_1E9_Beever240927_S69","Wooliver_16S_1F10_Beever240927_S78","Wooliver_16S_1F6_Beever240927_S46","Wooliver_16S_1F7_Beever240927_S54","Wooliver_16S_1F8_Beever240927_S62","Wooliver_16S_1F9_Beever240927_S70","Wooliver_16S_1G10_Beever240927_S79","Wooliver_16S_1G6_Beever240927_S47","Wooliver_16S_1G7_Beever240927_S55","Wooliver_16S_1G8_Beever240927_S63","Wooliver_16S_1G9_Beever240927_S71","Wooliver_16S_1H10_Beever240927_S80","Wooliver_16S_1H6_Beever240927_S48","Wooliver_16S_1H7_Beever240927_S56","Wooliver_16S_1H8_Beever240927_S64","Wooliver_16S_1H9_Beever240927_S72","Wooliver_16S_2A4_Beever240927_S121","Wooliver_16S_2A5_Beever240927_S129","Wooliver_16S_2A6_Beever240927_S137","Wooliver_16S_2A7_Beever240927_S145","Wooliver_16S_2A8_Beever240927_S153","Wooliver_16S_2B4_Beever240927_S122","Wooliver_16S_2B5_Beever240927_S130","Wooliver_16S_2B6_Beever240927_S138","Wooliver_16S_2B7_Beever240927_S146","Wooliver_16S_2B8_Beever240927_S154","Wooliver_16S_2C4_Beever240927_S123","Wooliver_16S_2C5_Beever240927_S131","Wooliver_16S_2C6_Beever240927_S139","Wooliver_16S_2C7_Beever240927_S147","Wooliver_16S_2C8_Beever240927_S155","Wooliver_16S_2D4_Beever240927_S124","Wooliver_16S_2D5_Beever240927_S132","Wooliver_16S_2D6_Beever240927_S140","Wooliver_16S_2D7_Beever240927_S148","Wooliver_16S_2D8_Beever240927_S156","Wooliver_16S_2E4_Beever240927_S125","Wooliver_16S_2E5_Beever240927_S133","Wooliver_16S_2E6_Beever240927_S141","Wooliver_16S_2E7_Beever240927_S149","Wooliver_16S_2E8_Beever240927_S157","Wooliver_16S_2F4_Beever240927_S126","Wooliver_16S_2F5_Beever240927_S134","Wooliver_16S_2F6_Beever240927_S142","Wooliver_16S_2F7_Beever240927_S150","Wooliver_16S_2F8_Beever240927_S158","Wooliver_16S_2G4_Beever240927_S127","Wooliver_16S_2G5_Beever240927_S135","Wooliver_16S_2G6_Beever240927_S143","Wooliver_16S_2G7_Beever240927_S151","Wooliver_16S_2G8_Beever240927_S159","Wooliver_16S_2H4_Beever240927_S128","Wooliver_16S_2H5_Beever240927_S136","Wooliver_16S_2H6_Beever240927_S144","Wooliver_16S_2H7_Beever240927_S152","Wooliver_16S_2H8_Beever240927_S160"
"k__Bacteria|",3420,4926,4547,11671,3472,3337,21151,7735,7088,3776,3569,4672,5992,6652,16959,5750,5363,23161,5095,3927,14720,5487,4794,5652,3841,3505,7514,6157,20495,3885,3506,19993,6666,4544,3706,3252,4614,7337,3267,19151,15446,2469,21335,2001,2371,21034,5156,5341,7236,6622,8098,8536,3745,21366,5395,6205,11026,3740,4884,5567,6018,5852,6817,5508,10784,4265,7599,13545,1879,4797,8094,8934,4624,3100,4209,4196,3865,2931,10751,3367
"k__Bacteria|p__Acidobacteria|",378,522,524,1064,406,387,2264,768,634,380,407,516,628,721,1465,485,499,2163,348,364,1304,530,508,561,439,363,490,674,2008,365,358,1742,593,467,396,297,501,642,447,1818,1464,240,1840,209,247,1866,445,500,557,823,795,754,385,1819,542,632,977,290,505,450,516,513,666,530,851,366,678,1224,200,348,772,759,502,266,405,464,386,346,1108,286
"k__Bacteria|p__Acidobacteria|c__Acidobacteria_Gp1|",210,159,92,711,230,127,1496,316,328,109,228,188,225,206,970,218,208,1670,166,160,663,333,210,231,150,87,210,310,921,127,135,935,291,204,104,218,230,242,135,1221,470,91,1131,131,117,1283,168,250,169,334,349,252,147,1037,240,280,918,158,208,194,331,265,271,181,491,161,240,983,97,179,366,296,296,62,244,173,89,157,1386,202
"k__Bacteria|p__Acidobacteria|c__Acidobacteria_Gp1|o__Candidatus_Koribacter|",60,71,141,432,172,125,1221,252,249,95,129,131,155,143,588,138,145,1257,163,106,674,315,160,124,107,124,249,191,516,165,121,659,326,124,62,200,107,196,106,1076,328,49,823,96,67,991,206,171,189,255,274,261,133,769,233,236,578,128,127,149,305,132,175,173,363,78,239,509,45,90,304,309,208,88,214,114,126,86,780,129
"k__Bacteria|p__Acidobacteria|c__Acidobacteria_Gp1|o__Gp1|",360,481,815,3198,791,715,7194,1639,929,464,765,613,717,962,4819,695,896,7915,1236,533,3951,1305,614,663,824,530,982,1118,4276,933,676,4880,1509,458,379,871,669,1104,832,7087,1928,371,5124,584,343,6238,964,819,749,1353,1135,1140,750,4906,1268,1153,3758,691,745,885,1445,753,845,992,2913,440,1400,3887,492,525,2205,1811,587,378,1000,522,407,656,3955,705
"k__Bacteria|p__Acidobacteria|c__Acidobacteria_Gp1|o__Occallatibacter|",244,225,325,1717,528,350,3870,684,318,210,423,274,283,466,2165,251,422,3882,517,223,2021,573,295,311,403,230,377,516,2102,505,256,2605,568,305,187,440,326,345,373,3280,706,146,3007,227,152,3067,448,337,256,746,495,385,372,2184,604,521,1874,308,233,319,646,293,326,462,1210,157,500,2111,205,235,1344,793,240,107,493,268,179,304,1723,293
"k__Bacteria|p__Acidobacteria|c__Acidobacteria_Gp10|o__Gp10|",0,34,62,663,133,41,1559,572,33,42,55,16,18,254,1059,75,88,1940,159,36,772,79,8,150,121,9,87,655,1092,88,158,2164,481,2,98,166,15,67,80,1005,219,90,1610,25,9,2498,95,51,69,107,24,78,155,1481,164,135,759,666,16,72,146,6,60,178,1003,36,120,1214,51,44,751,219,6,17,123,32,35,60,826,31
"k__Bacteria|p__Acidobacteria|c__Acidobacteria_Gp16|o__Gp16|",151,327,570,861,262,394,1508,802,463,371,211,195,323,762,1582,570,474,1932,504,283,1375,446,179,405,492,226,917,501,1586,387,419,1659,562,225,263,307,282,705,408,1466,1271,241,1673,179,119,1724,373,469,621,659,526,674,471,1807,514,564,707,409,332,609,492,228,516,684,1204,447,697,946,182,375,676,622,152,217,484,236,324,301,696,231
"k__Bacteria|p__Acidobacteria|c__Acidobacteria_Gp17|o__Gp17|",5,2,23,193,5,7,378,68,6,8,2,0,5,63,452,5,19,448,48,0,375,8,0,3,24,0,30,38,477,18,29,484,16,6,2,6,0,36,16,264,25,6,403,7,0,484,4,8,9,31,9,8,23,549,41,40,130,24,9,20,8,0,9,51,321,7,35,205,13,4,181,38,0,0,30,2,3,24,140,5
"k__Bacteria|p__Acidobacteria|c__Acidobacteria_Gp2|o__Gp2|",37,20,35,352,56,65,720,186,26,14,76,52,28,69,410,50,90,782,124,21,347,148,27,38,56,30,37,52,457,81,66,588,127,22,21,79,23,53,56,576,88,27,548,35,4,542,135,34,30,99,52,88,56,498,111,90,304,65,23,72,202,36,27,67,173,11,69,315,34,10,191,224,45,68,20,26,24,60,360,67
"k__Bacteria|p__Acidobacteria|c__Acidobacteria_Gp22|o__Gp22|",12,18,5,167,10,17,359,76,17,0,17,2,15,48,281,5,36,300,17,11,182,27,2,7,28,10,21,44,559,20,28,433,14,5,2,12,13,28,12,191,60,7,327,26,8,423,7,8,30,55,9,23,10,305,48,39,118,23,3,7,10,8,20,38,186,18,25,244,6,25,101,51,0,0,12,23,10,4,148,2
"k__Bacteria|p__Acidobacteria|c__Acidobacteria_Gp25|o__Gp25|",2,25,25,263,23,17,436,118,8,2,17,9,15,79,388,27,50,522,53,6,272,28,4,12,47,2,51,39,467,39,26,448,20,7,11,31,14,42,35,317,69,17,534,14,4,574,29,14,33,30,34,31,26,496,47,40,192,21,4,31,16,2,20,51,283,33,46,319,2,13,154,59,13,15,26,18,29,13,289,17
"k__Bacteria|p__Acidobacteria|c__Acidobacteria_Gp3|",77,80,72,434,78,50,728,131,108,76,41,143,117,80,477,95,131,930,100,113,473,97,176,104,75,69,141,94,568,70,67,819,115,120,93,99,153,147,67,800,285,18,918,45,50,777,107,94,121,159,166,165,85,693,122,103,910,45,120,91,85,118,121,48,354,72,102,511,36,163,336,164,163,53,122,98,72,73,606,48
"k__Bacteria|p__Acidobacteria|c__Acidobacteria_Gp3|o__Candidatus_Solibacter|",181,259,348,1667,435,338,3602,1126,383,257,454,208,339,628,2322,389,498,3363,680,256,2059,689,265,267,452,249,561,584,3033,609,430,3072,950,228,240,351,330,580,408,3282,1073,170,3333,336,129,3550,624,461,478,786,427,501,466,3132,889,536,1900,541,268,380,742,297,395,572,1546,242,795,2046,257,302,1206,1198,196,169,678,233,258,312,2011,404
"k__Bacteria|p__Acidobacteria|c__Acidobacteria_Gp3|o__Gp3|",191,295,467,1711,318,294,3195,895,556,326,328,292,380,600,2392,540,534,3710,522,217,2165,494,364,375,410,208,691,533,2527,501,405,2943,734,289,232,424,291,630,403,3203,1269,248,2634,215,97,3156,411,439,445,555,553,688,435,2791,467,554,2394,290,483,535,546,381,421,419,1639,283,658,2165,249,396,1385,866,241,203,568,325,232,330,1963,331
"k__Bacteria|p__Acidobacteria|c__Acidobacteria_Gp4|o__Gp4|",536,1062,1387,4639,1107,1367,9319,3108,1331,891,1082,767,1163,1909,6068,1547,1828,10390,1974,783,5029,1741,736,1064,1332,800,2164,1696,9069,1313,1204,8069,1511,697,793,1104,1133,1553,1274,8791,3645,777,8175,716,307,11707,1239,1412,1481,2364,1648,1806,1268,8464,1895,1713,4332,856,1198,1712,1859,738,1383,1549,4394,1270,2412,5854,586,850,3296,2582,524,775,1326,815,1016,829,4840,871
"k__Bacteria|p__Acidobacteria|c__Acidobacteria_Gp5|o__Gp5|",105,224,250,1308,291,229,2403,631,290,184,262,134,234,420,2272,265,343,2596,493,152,1574,367,153,225,299,163,359,402,2753,275,242,2417,477,170,112,256,153,363,208,2230,652,158,2393,145,110,2487,338,254,282,416,376,384,257,2491,431,401,1008,287,175,246,398,179,295,296,1296,149,313,1499,165,196,1023,670,139,157,351,160,145,178,1364,195
"k__Bacteria|p__Acidobacteria|c__Acidobacteria_Gp6|o__Gp6|",236,636,928,3946,594,554,7418,2174,887,602,530,376,720,1723,6812,997,979,7635,1329,404,5441,835,378,675,1035,410,1657,1150,7189,926,943,7767,1199,359,466,709,545,1447,656,6160,2436,613,7853,384,187,7257,983,702,1315,1356,822,1203,1083,7969,1133,1140,3072,890,645,973,982,405,871,1352,4496,872,1326,4544,522,709,3234,1659,288,367,1144,556,640,605,3854,631
"k__Bacteria|p__Acidobacteria|c__Acidobacteria_Gp7|o__Gp7|",57,53,94,784,72,78,1300,259,108,44,61,24,52,216,1261,111,142,1699,144,54,1113,72,30,36,127,31,174,134,1254,118,125,1821,110,40,41,89,57,154,71,1286,278,53,1549,33,16,1440,144,76,107,160,133,124,108,1488,148,162,626,68,32,118,115,43,63,172,872,77,111,922,45,32,553,123,37,48,88,56,58,148,928,73
"k__Bacteria|p__Acidobacteria|c__Vicinamibacteria|o__Vicinamibacterales|f__Vicinamibacteraceae|",29,76,143,545,68,79,921,300,115,127,36,24,109,158,793,149,190,900,145,97,750,60,47,87,140,72,204,189,875,117,180,1028,128,50,70,99,79,194,77,720,259,53,1080,65,23,930,105,119,170,164,63,111,101,1095,189,112,475,73,69,126,94,32,148,123,511,168,140,648,63,63,351,144,82,53,140,114,79,158,456,98
"k__Bacteria|p__Acidobacteria|c__Vicinamibacteria|o__Vicinamibacterales|f__Vicinamibacteraceae|g__Luteitalea|",52,174,170,1203,171,192,2162,617,69,89,171,64,146,433,1843,167,268,1994,240,67,1354,265,36,121,237,72,247,244,2151,216,191,2348,235,40,40,146,98,232,174,1768,497,112,2235,127,33,1977,165,123,167,276,114,174,217,2001,254,237,876,176,111,192,138,50,127,351,957,132,263,1399,113,131,916,311,62,44,206,42,136,77,1056,164
"k__Bacteria|p__Acidobacteria|c__Vicinamibacteria|o__Vicinamibacterales|f__Vicinamibacteraceae|g__Vicinamibacter|",95,130,153,330,89,91,585,203,208,108,74,108,180,229,558,258,137,524,116,98,518,110,116,154,142,123,311,193,502,86,85,706,113,94,73,97,159,239,99,393,413,38,706,52,55,671,98,179,244,174,179,141,74,711,161,173,199,96,177,162,143,129,203,191,370,192,149,378,54,176,313,179,112,130,104,125,128,102,273,57
"k__Bacteria|p__Actinobacteria|",499,707,959,2610,573,735,3835,1521,1034,524,542,562,836,1146,3800,1031,898,4224,854,590,3551,892,593,812,716,573,1259,1082,3214,840,664,4124,1135,560,380,677,657,1157,577,2922,2112,346,3743,334,316,3618,899,781,1047,1128,1214,1268,608,3917,958,922,1866,736,854,1054,726,816,1104,955,2354,712,868,2311,393,860,1649,1400,602,398,754,631,522,539,1784,507
"k__Bacteria|p__Actinobacteria|c__Acidimicrobiia|o__Acidimicrobiales|",304,465,579,1441,387,382,2203,926,588,453,299,252,544,859,1955,579,448,2374,571,356,1831,578,285,526,516,299,884,674,2009,539,434,2392,615,342,300,455,395,777,378,1616,1280,283,2083,239,121,1953,542,467,642,809,601,655,350,2219,553,621,907,469,447,557,455,370,704,722,1307,404,606,1196,225,493,857,845,309,257,390,374,302,265,971,441
"k__Bacteria|p__Actinobacteria|c__Acidimicrobiia|o__Acidimicrobiales|f__Acidimicrobiaceae|g__Acidiferrimicrobium|",105,92,182,418,80,149,863,317,205,173,100,108,128,288,724,161,153,722,162,121,567,222,140,139,180,88,247,200,682,154,141,962,191,105,117,109,142,217,130,552,407,57,873,45,74,692,180,111,239,214,213,166,137,631,148,203,337,107,166,203,91,114,185,192,438,164,126,498,77,221,306,201,122,56,158,110,133,91,544,84
"k__Bacteria|p__Actinobacteria|c__Acidimicrobiia|o__Acidimicrobiales|f__Acidimicrobiales_incertae_sedis|g__Aciditerrimonas|",123,209,268,599,153,170,1081,482,341,202,163,163,264,464,961,318,234,1009,338,151,907,289,171,239,165,157,441,326,737,325,175,1060,368,134,199,196,153,479,189,707,726,104,985,99,61,922,370,331,327,398,379,430,198,965,336,363,393,180,278,371,281,155,340,351,720,267,275,522,97,218,394,460,178,107,298,211,245,180,597,240
"k__Bacteria|p__Actinobacteria|c__Acidimicrobiia|o__Acidimicrobiales|f__Iamiaceae|",107,145,194,360,155,141,741,311,224,159,137,103,141,229,627,258,224,742,192,88,584,183,146,171,143,100,265,293,543,250,125,778,264,112,80,105,91,411,107,536,514,56,690,59,57,556,233,163,221,282,163,345,142,800,227,312,236,173,159,226,156,129,198,165,378,180,215,373,62,143,243,297,92,124,176,87,98,100,265,93
"k__Bacteria|p__Actinobacteria|c__Acidimicrobiia|o__Acidimicrobiales|f__Iamiaceae|g__Actinomarinicola|",72,184,334,519,117,145,947,416,340,159,149,160,188,420,825,331,276,927,270,129,816,244,158,187,177,161,363,252,573,260,146,1058,263,157,135,188,199,348,153,653,521,73,898,63,45,729,248,224,325,233,282,323,203,965,207,241,349,120,188,256,228,172,212,258,483,224,227,503,100,193,454,320,179,100,202,159,195,146,371,106
"k__Bacteria|p__Actinobacteria|c__Acidimicrobiia|o__Acidimicrobiales|f__Ilumatobacteraceae|g__Desertimonas|",27,70,109,319,36,93,420,208,103,53,42,21,85,156,545,107,71,454,93,60,472,96,20,76,101,30,145,62,412,92,83,684,52,45,48,92,49,180,27,268,273,66,508,34,29,407,57,55,97,81,73,93,89,574,26,62,158,104,60,147,46,39,124,123,334,141,36,282,41,42,231,126,24,45,78,71,86,32,152,34
"k__Bacteria|p__Actinobacteria|c__Acidimicrobiia|o__Acidimicrobiales|f__Ilumatobacteraceae|g__Ilumatobacter|",6,75,70,233,27,60,367,202,31,87,28,8,81,206,399,111,65,280,132,40,439,53,10,30,103,22,188,86,287,103,96,406,60,35,37,67,59,164,67,154,177,43,350,25,23,303,74,114,138,75,67,82,76,466,71,86,114,57,62,131,44,21,55,168,252,74,58,310,66,70,181,84,17,27,105,48,78,65,135,83
"k__Bacteria|p__Actinobacteria|c__Actinobacteria|",1136,1644,2111,4046,1393,1452,6449,3559,2877,1417,1316,1315,1902,2283,5728,2343,1582,7013,2036,1414,5677,2237,1517,1887,1688,1292,3086,1913,4906,2227,1186,6929,3020,1634,1102,1396,1855,2911,1296,5101,4591,762,5950,887,686,6111,2347,2285,2351,2336,2565,2767,1460,6389,2010,2152,3100,1684,1998,2128,1815,1795,2837,2034,4019,1551,2121,3669,1079,1895,2394,3093,1882,1033,1983,1516,1175,1075,3808,1387
"k__Bacteria|p__Actinobacteria|c__Actinobacteria|o__Frankiales|f__Frankiaceae|g__Jatrophihabitans|",307,373,442,677,371,351,1272,793,634,346,324,313,458,523,1152,502,380,1298,468,309,967,580,425,441,283,266,657,475,803,483,273,1032,749,328,283,302,342,569,274,1036,1134,177,1109,239,213,1147,679,469,569,562,684,691,397,1081,491,515,626,438,472,473,548,442,620,425,729,342,476,669,241,436,505,852,443,198,422,376,352,259,873,285
"k__Bacteria|p__Actinobacteria|c__Actinobacteria|o__Kineosporiales|f__Kineosporiaceae|",66,92,97,254,112,117,351,268,173,124,104,67,107,140,334,148,94,439,157,96,395,152,79,133,85,74,176,125,334,134,97,439,168,101,77,140,102,138,70,339,251,41,406,8,26,342,148,137,177,126,159,158,86,439,104,146,188,106,126,104,92,89,205,132,276,73,142,331,100,121,252,203,98,77,106,121,75,34,269,106
"k__Bacteria|p__Actinobacteria|c__Actinobacteria|o__Kineosporiales|f__Kineosporiaceae|g__Kineosporia|",86,135,165,418,126,89,606,252,194,96,82,80,182,222,478,189,121,623,202,86,585,241,97,191,124,112,319,136,402,172,104,591,201,75,95,84,67,268,56,418,431,88,601,66,80,531,211,148,207,198,181,286,104,561,278,157,406,195,162,200,215,122,199,170,395,154,218,430,114,140,284,335,109,69,168,134,168,87,371,125
"k__Bacteria|p__Actinobacteria|c__Actinobacteria|o__Micrococcales|f__Intrasporangiaceae|g__Intrasporangium|",115,351,270,38,123,166,88,322,384,446,87,133,370,281,94,442,215,44,315,227,98,178,147,314,203,180,877,295,90,243,220,156,304,124,203,124,257,619,150,57,1135,140,117,42,64,72,266,280,635,201,301,753,234,111,160,338,61,208,302,417,141,191,503,330,66,478,235,86,125,372,47,242,116,232,478,487,379,153,49,100
"k__Bacteria|p__Actinobacteria|c__Actinobacteria|o__Micrococcales|f__Microbacteriaceae|g__Agromyces|",153,297,486,78,167,286,58,483,474,303,157,232,259,600,29,462,404,51,372,215,79,289,181,274,274,191,677,342,52,326,268,58,400,251,204,162,300,486,234,69,753,248,86,92,93,81,368,257,443,412,320,550,366,77,254,482,9,366,281,391,298,281,359,586,52,464,346,28,98,303,32,465,279,196,359,269,358,249,17,155
"k__Bacteria|p__Actinobacteria|c__Actinobacteria|o__Micromonosporales|f__Micromonosporaceae|",568,822,1060,2570,1101,624,4193,2134,2003,907,889,732,979,1575,3506,1155,916,4416,1638,734,3487,1612,758,1092,981,710,1815,1107,3521,1476,829,4709,1888,812,800,963,919,1523,835,3835,3043,460,4382,552,381,4088,1623,1108,1294,1581,1546,1773,951,4076,1515,1250,2098,1174,1560,1313,1655,1072,1601,1183,2717,835,1521,2772,633,1857,1765,2495,802,567,974,717,850,658,2333,827
"k__Bacteria|p__Actinobacteria|c__Actinobacteria|o__Micromonosporales|f__Micromonosporaceae|g__Actinoplanes|",308,266,280,856,314,215,1736,1057,483,429,242,228,486,648,1125,651,422,1795,477,299,1748,968,320,426,399,273,955,570,868,435,292,1581,476,274,237,461,259,1049,211,1399,1261,182,1646,103,191,1428,559,429,712,722,427,671,292,1317,480,397,895,281,490,649,587,257,604,518,724,496,526,1032,289,333,638,659,371,332,518,328,471,161,678,302
"k__Bacteria|p__Actinobacteria|c__Actinobacteria|o__Micromonosporales|f__Micromonosporaceae|g__Dactylosporangium|",237,298,662,573,671,289,896,1767,1130,532,429,344,377,1081,803,755,406,854,1716,488,650,755,425,472,725,435,1074,441,568,1307,615,850,761,235,360,958,698,909,329,1036,992,453,883,350,111,882,1752,610,837,583,494,544,616,793,663,638,436,869,1074,590,869,295,492,1013,561,513,451,445,732,1188,361,663,284,170,623,459,545,195,528,735
"k__Bacteria|p__Actinobacteria|c__Actinobacteria|o__Micromonosporales|f__Micromonosporaceae|g__Luedemannella|",27,80,87,202,107,45,303,287,117,43,102,78,147,139,359,83,69,425,125,48,302,125,91,88,39,46,145,116,288,116,86,430,175,47,66,75,49,144,100,321,268,30,422,37,13,373,179,68,101,140,121,171,73,358,185,113,133,117,142,77,172,97,89,122,310,80,116,243,29,52,88,203,32,50,76,69,48,43,195,72
"k__Bacteria|p__Actinobacteria|c__Actinobacteria|o__Micromonosporales|f__Micromonosporaceae|g__Mangrovihabitans|",183,279,298,548,297,259,972,548,349,221,276,292,371,394,716,338,314,982,339,234,833,403,247,352,247,219,387,387,915,309,258,980,456,227,260,268,209,478,219,730,615,146,944,128,113,1083,391,343,388,419,366,309,230,906,381,262,556,293,211,289,317,235,366,260,641,315,303,762,172,254,477,436,220,144,250,250,174,166,627,214
"k__Bacteria|p__Actinobacteria|c__Actinobacteria|o__Micromonosporales|f__Micromonosporaceae|g__Micromonospora|",463,654,466,793,385,496,892,623,1021,758,218,680,1108,632,797,927,627,1045,582,617,1089,364,772,833,355,625,1476,559,873,440,413,1009,542,661,467,249,792,1079,564,832,1802,247,833,254,417,895,408,829,1160,930,1169,1858,413,874,473,710,475,313,894,989,584,832,1060,735,658,762,631,705,254,647,502,677,849,711,608,893,693,395,598,282
"k__Bacteria|p__Actinobacteria|c__Actinobacteria|o__Micromonosporales|f__Micromonosporaceae|g__Virgisporangium|",68,114,156,514,123,148,824,295,213,133,72,110,226,336,759,237,198,765,164,109,797,203,148,172,223,103,309,252,715,134,143,836,140,134,117,119,166,300,151,541,456,47,752,69,95,992,148,225,245,319,197,228,122,819,238,187,481,111,161,205,175,138,252,170,609,318,282,641,101,146,327,269,136,157,186,122,133,203,411,101
"k__Bacteria|p__Actinobacteria|c__Actinobacteria|o__Mycobacteriales|f__Mycobacteriaceae|g__Mycobacterium|",707,1566,2188,1766,1365,1392,3315,3474,2086,1381,1189,1125,1878,2620,2706,1932,2156,3310,2250,1114,2731,2414,1413,1463,1589,984,2995,1913,2590,2065,1272,2917,2299,1178,1025,1735,1766,2470,1564,2660,4797,960,3434,821,587,3299,2714,1733,2368,2680,2067,2985,1722,3260,1936,2513,1587,1809,1594,1958,2617,1178,2279,2364,1744,1742,2271,2485,1003,1515,1595,2966,1559,1139,1663,1790,2038,1030,1905,1401
"k__Bacteria|p__Actinobacteria|c__Actinobacteria|o__Mycobacteriales|f__Nocardiaceae|g__Nocardia|",343,727,871,134,340,453,222,1014,1251,1170,287,525,1377,1054,226,1423,622,520,909,815,191,443,708,995,1007,596,2784,765,146,1267,692,196,587,508,719,749,1004,2101,474,181,2216,448,278,193,175,201,1432,1048,1621,774,954,1318,684,233,526,1132,94,1119,876,1217,702,733,1276,1148,127,1368,718,191,553,656,38,667,701,581,915,977,1141,434,82,415
"k__Bacteria|p__Actinobacteria|c__Actinobacteria|o__Propionibacteriales|",113,134,140,249,61,65,480,184,254,93,55,82,117,172,396,172,137,549,108,115,365,111,149,151,183,95,302,115,399,116,44,473,138,51,88,99,138,206,60,426,374,78,432,38,62,396,69,198,175,157,253,203,80,443,131,87,218,55,144,200,146,115,204,95,255,200,111,235,28,128,196,156,83,55,92,183,65,88,245,74
"k__Bacteria|p__Actinobacteria|c__Actinobacteria|o__Propionibacteriales|f__Kribbellaceae|g__Kribbella|",349,551,701,215,339,415,317,975,899,604,293,411,596,695,286,899,629,408,853,601,486,592,474,444,434,472,1366,391,285,794,301,475,535,453,378,529,856,1006,279,465,1363,248,950,213,219,558,800,776,737,529,836,1234,502,450,409,724,204,628,808,726,491,498,718,757,249,808,525,299,395,679,171,724,346,379,501,804,608,251,216,487
"k__Bacteria|p__Actinobacteria|c__Actinobacteria|o__Propionibacteriales|f__Nocardioidaceae|g__Marmoricola|",243,583,749,1083,460,451,1833,1450,779,606,534,432,645,934,1624,846,626,1646,749,503,1669,888,369,567,592,369,1250,795,1100,810,462,1694,920,363,426,509,499,1096,423,1559,1674,331,1576,356,226,1572,867,864,1084,923,837,1084,524,1731,828,827,770,646,656,875,784,428,827,804,1311,729,728,1160,452,690,796,1168,613,295,551,562,544,386,919,542
"k__Bacteria|p__Actinobacteria|c__Actinobacteria|o__Propionibacteriales|f__Nocardioidaceae|g__Nocardioides|",1281,1911,2084,2637,1245,1396,3950,3695,3349,2157,1103,1743,2060,2770,3576,3005,1669,3761,2172,2100,4420,2264,1654,2065,1610,1673,4452,2197,2625,2329,1507,4325,2476,1649,1334,1504,2185,3663,1483,3191,5316,882,4036,754,968,3661,2478,2839,3289,2257,3292,3588,1466,4399,1790,2113,1968,2286,2966,2714,1839,1952,2875,2613,2709,2238,1796,2518,1060,2665,1860,2954,1732,1063,1850,2236,1991,1143,2076,1279
"k__Bacteria|p__Actinobacteria|c__Actinobacteria|o__Propionibacteriales|f__Propionibacteriaceae|g__Microlunatus|",352,557,626,1426,427,466,2262,1084,705,446,330,388,742,810,1900,583,522,2206,531,414,2255,766,397,562,437,379,992,566,1794,719,433,2285,763,480,393,472,444,949,443,1602,1550,420,2573,355,247,2237,848,653,833,913,966,1158,605,2561,839,651,1334,734,546,791,604,550,944,851,1492,724,907,1802,326,582,1212,1302,627,400,583,501,497,437,1326,542
"k__Bacteria|p__Actinobacteria|c__Actinobacteria|o__Pseudonocardiales|f__Pseudonocardiaceae|",58,54,75,277,68,16,384,225,160,65,43,88,115,162,439,169,103,428,158,69,441,141,53,105,68,44,169,101,385,153,75,361,265,78,18,65,66,143,64,359,364,36,314,85,18,456,133,169,101,190,100,189,168,380,112,173,226,99,93,99,166,82,171,79,369,110,119,349,82,191,208,307,136,142,111,67,106,49,222,78
"k__Bacteria|p__Actinobacteria|c__Actinobacteria|o__Pseudonocardiales|f__Pseudonocardiaceae|g__Amycolatopsis|",61,69,58,144,39,74,483,166,129,59,86,61,86,112,283,179,57,418,86,53,344,93,118,59,88,76,106,106,278,125,46,404,78,48,67,69,110,265,53,330,262,22,295,27,37,479,65,58,86,123,131,142,69,488,86,64,211,64,103,67,75,67,137,82,247,122,100,326,38,99,168,144,90,28,355,90,50,54,244,47
"k__Bacteria|p__Actinobacteria|c__Actinobacteria|o__Pseudonocardiales|f__Pseudonocardiaceae|g__Pseudonocardia|",621,904,1332,2559,846,863,4263,2621,1540,1044,887,787,1257,1902,3392,1682,1114,4513,1525,915,3663,1605,864,1104,1100,732,2142,1275,3485,1504,990,4428,1768,767,690,1145,979,1858,782,3671,3005,683,4101,657,546,4671,1895,1683,1899,1908,1976,2223,1283,4588,1752,1348,2338,1989,1587,1784,1539,1105,1758,1622,2475,1324,1608,2962,1022,1325,1998,2608,1166,676,1383,1383,1128,668,2510,1257
"k__Bacteria|p__Actinobacteria|c__Actinobacteria|o__Streptomycetales|f__Streptomycetaceae|g__Kitasatospora|",1493,1716,2413,373,1618,1863,544,2830,3974,1165,1580,1713,2107,2926,341,2776,2414,457,1908,2257,340,1970,2769,2419,2310,1501,2168,3287,384,2803,1794,599,3375,1867,2207,1397,1913,3400,1391,379,7546,1110,400,666,1233,441,2249,2566,1233,3440,3121,3499,1830,430,2346,3525,720,1855,2926,1980,1922,3417,2482,3054,304,944,3399,187,914,2152,162,3980,2381,1040,2186,1677,1231,1645,210,1237
"k__Bacteria|p__Actinobacteria|c__Actinobacteria|o__Streptomycetales|f__Streptomycetaceae|g__Streptacidiphilus|",35,12,57,135,74,43,197,81,61,108,41,41,103,52,189,51,79,260,79,33,233,57,31,28,58,45,94,65,136,97,15,205,56,34,11,34,22,116,32,202,129,1,183,29,26,200,34,25,69,68,38,59,15,171,39,42,2042,33,15,79,64,62,12,12,169,28,88,205,25,63,128,106,59,11,53,55,38,35,134,84
"k__Bacteria|p__Actinobacteria|c__Actinobacteria|o__Streptomycetales|f__Streptomycetaceae|g__Streptomyces|",2150,4207,3922,3263,2196,3367,5633,4633,6281,3397,1732,3501,4982,4454,4951,4550,4203,7130,3187,3476,5055,3382,5090,4183,2715,2791,7657,3863,3921,3971,2737,5495,4214,3702,3481,2157,5697,6696,2383,4829,11797,1737,5555,991,1798,5911,3188,4150,4710,4449,6273,7755,2905,4502,2666,5091,5486,2809,4671,4512,2918,4164,5866,4818,2965,3914,3888,3572,1404,3459,1885,4915,4108,2948,3239,4481,3705,2182,2901,1853
"k__Bacteria|p__Actinobacteria|c__Actinobacteria|o__Streptomycetales|f__Streptomycetaceae|g__Yinghuangia|",473,1222,547,0,19,462,46,62,1501,1145,6,963,1603,491,4,1673,385,93,24,773,26,31,1030,1435,353,581,2557,429,20,95,413,18,14,646,1092,50,1288,1924,360,8,2302,234,27,7,333,2,107,753,1793,597,1038,2308,497,5,15,529,4,35,946,1300,8,718,2342,562,8,1151,347,0,27,689,7,131,1153,1142,459,891,1137,299,0,102
"k__Bacteria|p__Actinobacteria|c__Actinobacteria|o__Streptosporangiales|",163,149,203,492,138,151,790,353,407,130,130,244,219,221,635,255,183,799,252,122,609,211,216,205,134,126,281,219,495,213,124,721,442,222,182,179,188,297,157,814,431,58,686,86,112,748,299,218,201,227,343,264,140,832,261,179,369,167,244,247,201,248,344,168,576,165,162,480,124,244,343,386,307,124,247,222,115,88,653,144
"k__Bacteria|p__Actinobacteria|c__Actinobacteria|o__Streptosporangiales|f__Streptosporangiaceae|g__Nonomuraea|",231,425,151,211,60,152,372,61,829,881,32,424,605,258,227,1078,162,304,68,520,275,67,430,512,194,427,1828,148,199,69,244,243,42,342,395,27,1137,1567,146,235,1151,120,192,28,183,243,53,1080,1207,301,695,895,234,388,30,262,138,29,915,956,40,457,716,409,150,863,199,151,27,468,92,69,405,362,303,714,737,98,143,41
"k__Bacteria|p__Actinobacteria|c__Actinobacteria|o__Streptosporangiales|f__Streptosporangiaceae|g__Streptosporangium|",1869,2246,799,150,97,1275,314,143,4718,2586,117,2822,3503,984,333,2167,949,295,96,2222,360,57,3477,2443,541,2049,3958,735,170,131,539,246,145,2995,1991,115,3537,4233,866,272,5218,367,245,7,1502,276,125,3366,2829,1476,4293,4727,608,314,123,1230,159,54,3382,2981,29,2882,3330,1202,103,2507,922,109,73,2138,72,106,3063,2090,655,3449,2217,562,127,91
"k__Bacteria|p__Actinobacteria|c__Actinobacteria|o__Streptosporangiales|f__Thermomonosporaceae|",94,87,149,280,103,129,551,258,254,102,85,116,155,121,398,171,115,573,146,79,356,179,115,159,97,87,147,99,354,174,80,428,200,90,91,113,95,170,63,379,322,46,437,83,44,440,187,144,115,139,153,252,139,473,107,148,314,164,74,128,144,127,146,126,271,60,133,294,99,120,282,148,132,100,158,82,83,63,298,134
"k__Bacteria|p__Actinobacteria|c__Actinobacteria|o__Streptosporangiales|f__Thermomonosporaceae|g__Actinoallomurus|",198,211,250,678,246,220,1183,512,414,224,173,221,244,424,1006,289,319,1303,399,195,792,343,220,240,278,196,392,332,921,270,165,1284,547,272,178,1233,241,354,290,1045,726,94,1239,166,207,1122,338,339,337,430,404,448,247,1068,320,351,748,585,244,330,360,241,376,466,862,223,404,996,213,320,604,498,351,191,268,297,171,182,1813,230
"k__Bacteria|p__Actinobacteria|c__Thermoleophilia|",313,471,372,1070,305,386,1498,697,710,335,284,266,400,560,1307,497,325,1614,414,245,1337,566,375,419,385,285,720,507,1050,332,301,1729,596,380,200,294,321,556,305,1200,1145,146,1372,170,233,1222,426,461,509,554,554,536,202,1369,466,447,866,394,377,485,413,397,489,414,847,356,449,995,268,358,670,642,379,217,372,266,279,164,889,347
"k__Bacteria|p__Actinobacteria|c__Thermoleophilia|o__Gaiellales|f__Gaiellaceae|g__Gaiella|",9697,11891,14154,29872,11423,11928,46970,23930,21712,10775,9314,11488,13131,17330,40596,15097,13585,46451,15694,11610,42391,19101,11937,13065,12072,10322,20019,16406,35282,15583,9896,48108,20099,11310,8480,12297,13018,19853,10643,37805,35307,5787,44730,7014,5990,39647,17034,16011,16430,19583,22913,19703,11084,43327,15165,15229,22190,11601,14921,15218,15140,13227,17536,15983,27385,10886,14726,26749,6848,14265,19461,22242,12704,7348,12880,12307,9133,8492,24202,12535
"k__Bacteria|p__Actinobacteria|c__Thermoleophilia|o__Solirubrobacterales|",1375,1779,1819,4622,1380,1523,6193,3507,3118,1690,1331,1729,1895,2561,5606,2564,1956,6774,2191,1595,5451,2562,1834,2011,1798,1351,2896,2430,5673,1984,1324,6996,3035,1486,1306,1568,1648,2771,1490,5148,5115,835,6236,839,860,5960,2340,2414,2366,2829,3247,2894,1537,5988,2322,2215,2770,1849,2036,2262,2221,1933,2653,2191,4229,1817,2142,4018,870,1961,3178,3515,1820,1161,1734,1896,1470,1241,3340,1446
"k__Bacteria|p__Actinobacteria|c__Thermoleophilia|o__Solirubrobacterales|f__Baekduiaceae|g__Baekduia|",585,715,845,1689,676,693,3068,1601,1302,648,621,617,842,1273,2701,996,794,3278,935,645,2628,1333,694,932,712,590,1331,1023,2415,1006,731,3288,1496,702,593,673,835,1458,575,2312,2322,370,2827,385,319,2903,1062,847,968,1128,1302,1311,684,2711,1002,1059,1403,899,857,1042,1018,803,1145,909,2092,707,1006,1842,348,909,1443,1563,699,470,805,725,689,510,1642,588
"k__Bacteria|p__Actinobacteria|c__Thermoleophilia|o__Solirubrobacterales|f__Conexibacteraceae|g__Conexibacter|",402,595,702,1850,569,637,3042,1530,852,629,557,465,860,1135,2397,859,756,3087,846,371,2476,1082,543,768,565,493,1146,794,2399,816,531,2699,1118,508,383,645,605,1018,621,2046,1725,373,2536,405,403,2562,761,754,895,1147,1110,1326,599,2580,864,945,1532,928,772,861,788,519,975,800,1590,626,745,1978,454,815,1227,1076,483,468,596,472,631,412,1579,571
"k__Bacteria|p__Actinobacteria|c__Thermoleophilia|o__Solirubrobacterales|f__Parviterribacteraceae|g__Parviterribacter|",474,787,988,2184,712,595,3175,1598,1251,773,590,569,821,1257,2811,1069,907,3298,1010,678,2900,1213,730,875,706,568,1444,1068,2538,1011,662,3347,1329,628,560,768,739,1418,688,2323,2326,512,2962,374,340,2970,1214,828,1085,1215,1343,1353,643,2884,1021,887,1284,851,883,1025,979,753,1197,1012,1772,773,970,2120,438,802,1248,1512,675,434,725,782,745,512,1950,697
"k__Bacteria|p__Actinobacteria|c__Thermoleophilia|o__Solirubrobacterales|f__Solirubrobacteraceae|g__Solirubrobacter|",911,1593,1550,4234,1242,1293,5903,3391,2456,1465,1049,1138,1540,2582,5087,2355,1539,5942,2212,1485,5821,2088,1168,1757,1652,1335,3023,1818,3903,2060,1154,6123,2318,1037,1024,1422,1419,2698,1130,4349,3857,802,5667,881,752,5553,2219,1968,2426,2341,2349,2508,1308,5876,1974,1835,2741,1767,1958,2149,1709,1336,2243,1940,3721,1746,1687,4247,1121,1858,3038,2451,1414,1049,1565,1566,1440,865,3308,1481
"k__Bacteria|p__Actinobacteria|c__Thermoleophilia|o__Thermoleophilales|f__Thermoleophilaceae|g__Thermoleophilum|",77,142,153,343,129,116,593,255,214,155,119,125,159,180,460,160,142,554,194,114,491,216,140,134,103,89,278,183,463,190,112,550,273,82,93,131,108,193,108,491,327,46,477,74,58,482,186,140,128,160,212,200,147,448,188,151,235,172,138,133,163,125,190,163,282,102,127,330,89,102,233,271,134,81,161,99,115,89,308,102
"k__Bacteria|p__Armatimonadetes|c__Armatimonadetes_gp4|",102,179,182,833,178,192,2082,371,223,151,200,144,225,287,1363,230,318,2351,319,158,1223,258,191,222,213,79,361,339,1883,220,147,1548,267,175,109,201,146,249,168,1929,667,119,1573,135,73,2010,211,227,159,337,272,328,247,1622,267,256,1025,194,173,238,201,173,326,205,737,151,287,1296,109,134,474,430,164,154,173,115,99,148,1085,148
"k__Bacteria|p__Bacteroidetes|c__Chitinophagia|o__Chitinophagales|f__Chitinophagaceae|",94,130,91,382,71,62,798,161,296,119,43,177,118,137,536,199,74,738,77,91,474,79,131,149,89,103,202,102,689,66,75,824,99,171,79,54,135,213,59,610,379,43,730,38,78,786,67,198,193,100,203,225,72,680,145,105,597,66,186,112,63,146,204,124,478,130,124,551,71,224,428,137,191,92,98,207,100,41,408,73
"k__Bacteria|p__Bacteroidetes|c__Chitinophagia|o__Chitinophagales|f__Chitinophagaceae|g__Terrimonas|",11,24,21,216,40,33,490,137,34,2,21,0,18,79,396,33,51,507,52,3,331,30,0,8,27,21,31,64,459,72,52,539,28,5,12,48,14,54,28,282,86,12,468,23,4,532,20,43,52,45,14,27,60,455,63,58,223,53,28,30,31,5,27,42,307,14,59,303,30,46,224,75,4,22,54,21,14,21,207,9
"k__Bacteria|p__Chloroflexi|",2032,2482,2146,4781,1783,2120,8757,3627,3857,2398,1540,2460,2924,3779,7045,3164,2642,8901,2780,1759,6631,3005,2882,2843,2393,1915,4208,3032,7674,2289,1824,8329,3413,2492,2069,1755,2163,4121,1925,7578,7713,1141,8358,1133,1168,8698,2369,2979,3450,3448,4389,4441,1967,8038,2893,3340,4417,1747,2654,2932,2689,3052,3990,2808,4717,2299,3273,5340,1077,2320,3538,3876,2518,1605,3242,2368,2181,1752,4906,1690
"k__Bacteria|p__Chloroflexi|c__Anaerolineae|o__Anaerolineales|f__Anaerolineaceae|",242,631,720,1525,316,577,2706,1218,582,484,371,305,607,1282,2430,834,722,2932,728,335,2223,637,271,644,564,382,1209,797,2758,712,626,2967,686,363,433,395,436,921,513,2030,1832,295,2794,198,177,2702,658,595,907,933,793,965,647,2759,722,758,1189,597,492,658,495,378,773,976,1517,753,890,1760,272,673,1211,770,290,323,707,500,393,425,1182,413
"k__Bacteria|p__Chloroflexi|c__Anaerolineae|o__Anaerolineales|f__Anaerolineaceae|g__Longilinea|",28,58,78,265,53,67,468,132,59,73,21,27,55,133,378,90,72,462,125,49,278,96,7,57,101,53,173,82,352,65,54,400,94,11,46,68,61,93,68,423,246,54,426,27,20,431,66,72,90,106,82,152,74,464,85,88,160,87,60,64,91,20,59,67,303,33,113,301,14,55,211,72,15,13,104,32,58,41,190,32
"k__Bacteria|p__Chloroflexi|c__Chloroflexia|o__Chloroflexales|f__Roseiflexaceae|g__Roseiflexus|",14,43,62,362,40,53,535,147,46,71,49,29,50,159,544,71,57,927,72,24,542,76,19,59,59,43,136,79,726,54,43,626,129,17,28,37,54,107,43,615,206,27,592,54,9,595,50,70,84,55,51,139,87,709,96,93,429,42,59,102,118,33,62,73,358,77,90,375,26,37,232,114,19,41,56,18,70,45,253,32
"k__Bacteria|p__Chloroflexi|c__Thermomicrobia|o__Sphaerobacterales|f__Sphaerobacteraceae|",599,726,451,600,533,432,1473,622,870,639,437,762,854,628,841,779,574,1259,461,547,764,911,890,853,476,552,1016,805,920,471,316,1026,897,609,610,509,719,904,493,1100,1871,208,914,346,316,1048,523,708,740,828,965,1200,438,869,756,778,643,390,719,788,629,751,993,602,620,580,791,650,261,655,385,888,585,371,659,562,386,418,764,458
"k__Bacteria|p__Chloroflexi|c__Thermomicrobia|o__Sphaerobacterales|f__Sphaerobacteraceae|g__Nitrolancea|",258,392,381,438,282,346,991,525,462,406,275,318,577,540,724,547,426,1040,308,246,689,417,329,529,308,273,783,462,735,322,280,800,506,360,290,176,367,714,336,739,1247,193,808,159,131,877,329,398,665,480,581,682,309,841,395,562,505,260,431,523,389,397,734,517,540,383,501,547,216,332,244,560,311,248,395,320,392,231,394,210
"k__Bacteria|p__Firmicutes|",151,224,210,444,168,165,855,241,430,276,131,225,291,176,554,309,177,827,198,228,595,269,274,276,148,232,357,238,671,156,128,803,265,226,112,100,293,344,206,593,452,62,669,65,109,588,214,273,338,253,413,380,141,658,169,190,392,155,282,297,153,273,269,123,400,185,163,440,70,306,347,279,268,186,151,259,163,93,480,103
"k__Bacteria|p__Firmicutes|c__Bacilli|o__Bacillales|f__Alicyclobacillaceae|g__Tumebacillus|",510,714,853,2874,839,628,4588,1561,1002,685,670,654,1019,982,3510,858,761,5667,957,603,4736,1273,678,842,805,581,1028,906,3023,785,700,3827,1382,642,419,786,610,1383,635,3437,2053,490,3695,487,349,3909,1048,844,1150,1365,1210,1342,647,4132,2551,1037,2305,744,807,986,1112,841,1052,901,2205,584,1295,3346,680,829,1891,1469,806,481,770,689,551,523,2647,760
"k__Bacteria|p__Firmicutes|c__Bacilli|o__Bacillales|f__Bacillaceae_1|",3940,4893,7226,556,3825,4864,1082,7924,12117,5014,4790,6310,7185,8789,884,7420,6915,1413,6884,5213,971,7276,8032,6552,5756,5214,11390,7983,810,5794,4873,1036,8822,6270,4227,4668,6890,8469,5959,852,19656,2998,894,2929,3491,1086,7997,9518,9669,12708,12218,13760,6486,965,7799,9698,588,5547,9901,7993,10075,10084,9833,8862,422,5707,10279,773,2881,9259,325,11948,8650,4549,7302,7727,5511,4182,696,4881
"k__Bacteria|p__Firmicutes|c__Bacilli|o__Bacillales|f__Bacillaceae_1|g__Bacillus|",73493,74319,117485,3809,79288,87303,5782,126476,172417,71258,82170,106372,99282,137173,5087,102548,112899,10263,115783,87054,12845,117521,119984,91279,84514,76592,144759,116767,5079,92256,86491,5374,130248,98687,59477,84256,122808,111027,88502,5213,209500,52209,6067,47578,54314,9228,112144,125887,113282,154851,160353,148437,92544,7381,106287,134964,5812,85329,136053,96829,138840,128052,110235,130601,3709,80927,117306,7720,48813,118399,3289,143676,109877,62503,94870,103415,65332,60364,5850,75746
"k__Bacteria|p__Firmicutes|c__Bacilli|o__Bacillales|f__Bacillaceae_1|g__Cytobacillus|",713,882,1031,146,536,665,461,1231,1587,625,657,1018,881,1378,295,1000,1139,424,844,854,361,1224,1039,777,824,661,1312,1464,266,828,756,274,1026,1054,524,564,1122,1179,760,293,2429,454,197,491,501,321,1014,1213,1008,1671,1449,1538,927,349,877,1330,128,660,1051,766,968,1206,1103,1091,137,637,1204,176,444,1198,95,1253,1136,496,858,985,721,675,228,531
"k__Bacteria|p__Firmicutes|c__Bacilli|o__Bacillales|f__Bacillaceae_1|g__Domibacillus|",1117,1456,1857,83,1154,1429,67,2356,2901,1012,1081,1719,1593,2569,107,1669,1993,145,1838,1487,77,2423,1960,1355,1661,1271,2300,2676,92,1447,1495,135,2227,1883,984,1252,1766,1941,1643,87,4249,921,144,842,885,134,1762,2262,1754,3222,2975,2593,1769,103,1869,2607,66,1303,1996,1569,2105,2182,1944,2059,127,979,2634,125,814,2057,114,2711,1912,1035,1761,1721,1223,1311,101,1176
"k__Bacteria|p__Firmicutes|c__Bacilli|o__Bacillales|f__Bacillaceae_1|g__Neobacillus|",29607,35436,43074,1611,27685,32798,3100,57190,66336,30268,31461,42340,43994,57425,2337,47542,45908,3393,44873,35157,3047,50476,45738,36373,38029,27810,54947,60417,2119,39899,34950,2459,57134,39479,26280,32222,41303,52945,31861,2360,111045,20436,2376,21288,20774,3405,41797,46819,43827,68857,56666,63511,37410,2737,48309,55485,1888,33675,47006,42242,47273,51026,50831,49745,1574,24644,53674,2329,20567,44295,1296,67537,42824,25655,43061,34534,27332,30722,2071,29542
"k__Bacteria|p__Firmicutes|c__Bacilli|o__Bacillales|f__Bacillaceae_1|g__Peribacillus|",2884,3772,4008,64,1636,2284,166,3880,6677,3388,1640,4564,4658,4444,108,4079,3646,184,2797,3589,195,3431,4506,4360,2717,2823,7670,4046,156,2355,2426,170,3368,4275,2924,1864,5215,4847,3155,119,10319,2046,180,1183,2098,190,3443,4672,5260,4653,6561,6605,3277,167,2727,4710,74,2092,5468,4057,3303,4791,5318,4202,115,4068,3601,105,1269,4875,63,3518,4630,2817,2747,5130,2963,2310,83,1742
"k__Bacteria|p__Firmicutes|c__Bacilli|o__Bacillales|f__Paenibacillaceae_1|g__Cohnella|",132,204,166,265,115,147,585,172,465,173,125,209,218,248,435,314,215,614,158,206,436,235,256,279,139,146,445,179,449,112,86,506,170,284,173,114,284,378,142,519,706,61,526,74,145,542,112,285,311,329,444,540,151,576,149,173,232,119,292,237,207,313,457,266,302,273,221,413,67,277,196,275,275,138,152,218,275,156,332,114
"k__Bacteria|p__Firmicutes|c__Bacilli|o__Bacillales|f__Paenibacillaceae_1|g__Paenibacillus|",4369,9099,4464,1730,1615,3219,3067,3027,11525,8590,1432,7384,11626,5474,2507,12954,4755,3419,2892,6195,2566,2493,7686,11614,3325,5138,19664,3975,2485,2079,2938,2592,2842,7276,7224,1545,9693,14495,3282,2674,26864,1566,2447,820,3699,2880,2827,8321,13892,6127,11360,20959,3268,2799,2087,5263,1594,1784,8931,12694,2747,9062,15124,5685,1587,12115,4659,1951,952,7488,1194,3538,7474,8172,3235,6993,9057,2145,4091,1511
"k__Bacteria|p__Firmicutes|c__Bacilli|o__Bacillales|f__Planococcaceae|g__Bhargavaea|",561,422,1122,48,783,858,87,1232,1030,363,618,589,494,1363,63,654,1032,90,1157,510,90,1040,685,535,869,486,618,1050,113,747,841,66,1089,521,314,685,711,697,688,78,1063,409,175,375,391,669,811,782,501,1255,951,740,751,335,1228,1068,599,718,728,632,899,795,682,1013,128,293,1127,816,345,808,177,1270,751,417,876,462,391,460,441,611
"k__Bacteria|p__Firmicutes|c__Bacilli|o__Bacillales|f__Planococcaceae|g__Kurthia|",243,281,288,0,111,293,0,208,660,313,148,331,609,373,0,343,268,0,220,275,0,280,432,389,270,249,425,381,0,205,203,0,293,377,207,177,436,560,280,0,926,155,3,107,212,0,227,353,394,588,649,654,246,0,227,311,0,193,436,350,223,366,417,417,0,324,306,0,168,337,0,325,428,326,307,323,247,207,0,200
"k__Bacteria|p__Firmicutes|c__Bacilli|o__Bacillales|f__Planococcaceae|g__Lysinibacillus|",648,507,530,364,102,316,622,98,2093,575,116,905,848,577,526,705,369,739,112,1050,897,138,1299,713,238,811,1092,315,511,105,266,591,237,1171,375,101,1539,934,312,560,1541,137,546,41,635,604,183,1758,1041,528,1502,1437,265,520,249,479,349,125,1765,733,169,1284,1178,563,380,847,426,389,51,1184,299,194,1266,724,320,1358,745,193,527,100
"k__Bacteria|p__Firmicutes|c__Bacilli|o__Bacillales|f__Planococcaceae|g__Metasolibacillus|",731,625,742,38,539,532,42,1136,1476,501,562,882,695,814,59,815,662,62,947,858,56,1016,1011,621,624,624,1004,878,67,681,652,82,953,888,416,572,931,829,521,48,1469,320,53,370,490,47,854,1058,699,899,1310,909,578,68,712,827,50,626,1089,585,883,1131,688,816,47,450,668,41,341,1007,32,1132,805,511,680,690,386,372,63,462
"k__Bacteria|p__Firmicutes|c__Bacilli|o__Bacillales|f__Planococcaceae|g__Rummeliibacillus|",292,305,295,2,124,287,9,192,813,406,229,447,707,460,2,395,301,78,240,375,3,290,540,440,338,360,547,430,2,189,192,0,251,443,278,171,495,637,328,0,970,126,11,71,270,9,319,557,630,707,686,901,275,0,272,379,0,235,609,461,265,572,558,473,4,406,457,3,159,355,0,368,486,404,272,392,366,218,1,209
"k__Bacteria|p__Firmicutes|c__Bacilli|o__Bacillales|f__Planococcaceae|g__Sporosarcina|",60,104,72,427,96,67,959,175,144,43,69,41,77,145,615,166,51,940,79,58,865,145,104,102,92,39,202,117,560,138,74,868,165,83,91,121,83,187,101,698,319,43,758,50,66,996,119,80,182,224,146,128,50,661,178,78,406,92,63,130,183,59,200,77,723,59,81,474,64,81,376,244,82,29,84,62,88,48,619,91
"k__Bacteria|p__Firmicutes|c__Bacilli|o__Bacillales|f__Thermoactinomycetaceae_1|g__Risungbinella|",624,120,298,5,85,335,13,50,1409,225,96,792,269,366,10,337,344,12,95,723,147,133,901,283,206,760,558,280,4,69,265,5,142,845,175,77,829,551,147,7,433,119,4,84,510,15,116,1203,199,615,1424,710,310,5,118,477,7,113,1110,509,134,1022,397,411,0,424,400,5,55,987,2,215,871,351,447,1208,301,190,6,80
"k__Bacteria|p__Firmicutes|c__Clostridia|o__Clostridiales|",82,109,124,309,101,84,561,204,197,77,102,104,163,144,435,91,116,641,97,75,538,194,107,78,99,72,226,166,579,91,58,592,174,162,77,96,134,165,140,536,394,34,486,59,100,598,131,177,178,270,230,189,45,696,225,175,266,103,139,140,165,179,226,149,308,100,265,382,67,139,216,203,141,80,108,129,94,71,294,112
"k__Bacteria|p__Firmicutes|c__Clostridia|o__Clostridiales|f__Clostridiaceae_1|g__Clostridium_sensu_stricto|",186,162,365,1068,201,179,1497,417,344,164,164,152,245,253,1220,222,271,1657,204,141,1488,497,154,292,122,101,440,231,982,304,130,1374,503,225,93,238,180,361,114,1205,799,106,1305,184,120,1361,410,238,243,382,376,992,172,1285,371,198,799,500,216,277,536,264,319,289,761,139,322,1057,110,202,832,449,236,102,174,153,166,109,942,544
"k__Bacteria|p__Firmicutes|c__Clostridia|o__Clostridiales|f__Gracilibacteraceae|g__Gracilibacter|",37,59,59,225,39,38,319,131,86,8,43,37,66,69,208,76,80,401,47,44,248,79,18,56,38,25,106,105,303,59,42,400,121,42,21,59,64,79,18,290,180,23,247,11,0,381,53,54,62,58,157,82,20,323,82,82,144,38,55,74,51,39,79,72,176,42,77,206,15,50,109,135,66,21,17,21,84,54,181,60
"k__Bacteria|p__Firmicutes|c__Clostridia|o__Clostridiales|f__Peptostreptococcaceae|g__Paraclostridium|",45,76,65,219,79,86,462,138,88,43,34,47,96,96,358,52,85,367,88,34,297,125,55,105,73,54,110,75,381,144,72,401,112,73,38,98,38,99,44,300,244,47,300,64,8,371,102,102,74,79,132,112,60,489,94,109,202,82,61,77,60,108,98,118,237,89,115,458,40,80,227,106,75,28,55,48,80,38,227,93
"k__Bacteria|p__Firmicutes|c__Clostridia|o__Clostridiales|f__Ruminococcaceae|",30,22,26,105,36,42,344,120,56,18,36,24,53,42,329,63,63,326,70,37,338,105,38,22,32,19,91,63,308,59,48,432,85,42,36,43,62,61,28,315,148,8,213,25,32,298,58,57,58,41,92,90,66,406,104,83,162,38,55,62,69,43,27,75,97,57,50,226,37,70,127,93,67,34,52,39,18,24,171,31
"k__Bacteria|p__Firmicutes|c__Clostridia|o__Clostridiales|f__Ruminococcaceae|g__Pseudobacteroides|",21,48,66,198,66,35,382,129,76,56,90,48,54,83,252,45,49,450,43,48,224,76,49,53,22,36,105,76,360,53,31,385,121,48,34,44,45,81,13,292,198,25,261,13,15,372,80,57,44,68,125,89,42,437,102,52,193,50,45,50,99,59,72,86,139,55,107,229,31,45,140,114,71,24,48,32,47,37,160,81
"k__Bacteria|p__Gemmatimonadetes|",173,337,137,69,75,83,153,98,321,204,23,252,422,145,82,303,138,163,20,254,62,152,308,307,70,229,453,205,90,49,98,149,118,213,176,64,190,322,120,92,741,78,131,2,111,132,57,252,310,189,394,521,36,101,93,159,149,38,311,274,153,248,452,119,59,215,145,51,24,231,49,121,178,203,59,274,267,73,65,61
"k__Bacteria|p__Gemmatimonadetes|c__Gemmatimonadetes|o__Gemmatimonadales|f__Gemmatimonadaceae|",973,1668,1135,1942,957,990,3919,1524,1902,1299,866,1198,2053,1592,2936,2188,1434,4127,1187,1305,2429,1194,1243,1606,894,1022,2501,1489,2693,786,887,3506,1614,1129,1132,783,1312,2548,1099,3816,4363,620,3346,416,602,3618,931,1605,2177,1605,2186,2975,960,3591,1139,1387,1906,691,1828,1874,1316,1437,2277,1477,1779,1267,1619,2102,410,1698,1359,1764,1208,968,870,1214,1513,754,1884,756
"k__Bacteria|p__Gemmatimonadetes|c__Gemmatimonadetes|o__Gemmatimonadales|f__Gemmatimonadaceae|g__Gemmatimonas|",425,1008,672,928,452,581,1721,933,970,811,556,575,1089,856,1388,1336,665,1749,727,563,1424,714,501,937,510,493,1927,682,1248,548,504,1922,1184,498,724,482,671,1543,503,1543,2540,268,1567,332,318,1623,660,940,1528,992,963,1532,555,1497,841,777,727,514,941,1105,917,514,1281,728,1116,920,746,871,320,910,733,1246,398,727,510,813,842,396,909,360
"k__Bacteria|p__Gemmatimonadetes|c__Gemmatimonadetes|o__Gemmatimonadales|f__Gemmatimonadaceae|g__Gemmatirosa|",469,801,639,1664,464,527,3319,953,948,600,521,441,738,908,2426,848,816,3706,806,597,2156,667,597,722,611,534,1397,962,2461,537,551,3186,951,495,550,430,629,1244,582,2950,2379,439,3052,406,235,3162,509,914,1098,1040,1115,1512,659,2859,761,911,1619,389,812,937,835,680,926,823,1675,750,782,1704,314,665,1264,1140,343,408,666,644,684,556,1528,416
"k__Bacteria|p__Gemmatimonadetes|c__Gemmatimonadetes|o__Gemmatimonadales|f__Gemmatimonadaceae|g__Roseisolibacter|",765,1355,1366,2428,1315,1249,5157,2349,1448,1084,1251,885,1498,2008,3820,1753,1630,4933,1708,1019,3300,2248,1011,1267,1354,777,2376,2042,3534,1420,1128,4364,2599,849,845,1132,1075,2032,1402,4521,3833,676,4465,761,420,4714,1744,1644,1896,2298,1749,2022,1375,3979,1780,1977,2269,1339,1446,1659,2135,906,1671,1711,2244,1322,1878,2663,737,1169,1725,3064,755,765,1307,981,1106,991,2837,1092
"k__Bacteria|p__Gemmatimonadetes|c__Longimicrobia|o__Longimicrobiales|f__Longimicrobiaceae|g__Longimicrobium|",115,236,75,33,5,64,113,29,257,319,39,167,280,114,81,447,93,198,66,162,112,5,215,248,41,126,700,72,89,19,27,127,108,181,149,18,201,460,48,82,491,27,141,7,59,122,45,191,693,71,205,466,25,155,22,63,53,14,205,348,28,195,468,45,89,386,75,84,9,200,55,31,183,151,53,273,245,44,34,23
"k__Bacteria|p__Latescibacteria|",8,21,50,474,47,48,1075,158,21,5,38,12,28,107,770,33,59,1031,80,18,551,71,27,31,80,37,47,75,785,58,54,814,82,18,15,60,22,49,31,736,82,29,792,25,18,756,38,27,35,103,52,33,67,743,69,72,360,28,12,37,80,13,20,74,306,12,94,468,7,9,318,93,11,8,57,4,16,41,492,40
"k__Bacteria|p__Nitrospirae|c__Nitrospira|o__Nitrospirales|f__Nitrospiraceae|g__Nitrospira|",521,818,1232,1802,853,1060,3560,1788,1235,728,905,596,914,1655,2859,1093,1396,3963,1240,643,2580,1558,688,843,1125,658,1582,1732,3329,996,1083,3019,1556,656,560,736,789,1441,1034,3059,2918,571,2959,673,324,3169,1256,887,1189,1795,1287,1323,1084,2999,1315,1501,4126,819,890,1077,1195,707,998,1376,1722,853,1567,2311,537,858,1420,2320,504,536,1050,713,668,809,1966,801
"k__Bacteria|p__Planctomycetes|c__Planctomycetacia|",12,19,49,153,32,29,312,114,25,8,27,6,3,74,268,29,34,385,95,8,158,52,12,14,28,13,46,61,286,40,44,365,72,12,13,30,16,36,34,162,78,36,371,17,10,384,57,14,22,57,25,31,72,335,93,60,162,62,8,14,77,13,17,90,160,22,84,234,13,21,130,140,16,0,42,10,11,27,459,38
"k__Bacteria|p__Planctomycetes|c__Planctomycetacia|o__Pirellulales|f__Pirellulaceae|g__Pirellula|",4,20,36,269,88,21,545,114,13,23,13,0,24,53,364,29,40,606,70,4,387,75,9,22,33,0,49,56,386,67,33,533,104,13,12,55,18,32,21,399,35,20,498,25,0,466,66,10,15,39,27,17,40,462,60,49,215,63,14,8,52,4,24,63,223,15,58,353,38,4,204,86,6,0,17,25,18,13,257,15
"k__Bacteria|p__Planctomycetes|c__Planctomycetacia|o__Planctomycetales|f__Gemmataceae|",148,175,191,430,211,184,1050,306,226,141,161,159,205,271,766,242,180,955,188,169,706,270,163,152,141,140,250,235,957,215,168,918,381,196,95,112,224,254,136,852,441,79,860,92,84,838,290,181,188,243,284,266,131,876,211,209,622,161,181,177,213,142,245,237,470,152,260,532,68,167,277,436,173,110,172,191,132,66,522,161
"k__Bacteria|p__Planctomycetes|c__Planctomycetacia|o__Planctomycetales|f__Gemmataceae|g__Fimbriiglobus|",101,164,267,528,306,220,1337,517,296,243,330,149,227,334,897,290,309,1337,408,153,719,468,174,244,246,111,362,360,953,342,220,1111,592,133,192,323,233,327,186,1083,429,141,1245,188,68,1091,389,212,304,288,253,355,245,1029,349,349,567,268,223,192,332,167,202,271,563,160,335,732,147,151,257,566,110,125,197,128,146,202,707,196
"k__Bacteria|p__Planctomycetes|c__Planctomycetacia|o__Planctomycetales|f__Gemmataceae|g__Zavarzinella|",16,35,28,219,49,27,384,128,49,27,38,34,42,75,310,25,45,329,87,23,271,61,8,13,49,33,61,58,386,59,27,380,104,28,12,60,19,39,35,200,85,13,291,24,5,342,32,48,26,35,17,22,30,358,65,44,125,58,18,22,59,16,21,69,125,51,34,189,14,18,122,82,18,17,61,18,0,18,122,21
"k__Bacteria|p__Planctomycetes|c__Planctomycetacia|o__Planctomycetales|f__Isosphaeraceae|g__Aquisphaera|",191,210,307,390,336,335,954,397,321,225,254,255,316,449,596,275,336,910,308,218,441,582,289,264,243,260,385,421,692,338,255,748,504,314,217,302,300,375,300,655,641,124,719,154,108,736,395,299,298,407,341,340,222,626,384,382,549,265,240,301,447,264,403,309,335,234,319,525,173,211,188,568,301,168,274,224,146,208,512,180
"k__Bacteria|p__Planctomycetes|c__Planctomycetacia|o__Planctomycetales|f__Isosphaeraceae|g__Singulisphaera|",82,114,233,251,207,201,611,434,194,89,229,122,147,228,448,138,231,694,420,91,406,391,103,169,103,93,247,273,430,307,132,473,534,124,89,175,138,222,170,611,405,103,522,130,81,509,346,148,148,289,197,311,147,499,335,325,492,171,166,129,442,121,211,195,344,148,256,342,145,158,218,539,152,81,178,147,110,100,367,173
"k__Bacteria|p__Proteobacteria|",732,1569,1460,4289,1321,1462,7335,2652,1848,1485,1265,1028,1903,2600,5910,1883,1811,7139,1731,1055,5174,1924,1087,1670,1543,918,2838,2091,7232,1431,1483,7482,2078,1033,1081,1242,1285,2476,1310,6308,4798,963,6975,731,500,7251,1604,1527,2211,2380,2061,2934,1564,6840,1931,1962,3374,1505,1469,1858,1847,1303,2269,2278,3772,1681,2153,4859,738,1235,2476,2700,916,858,1507,1148,1318,1088,3726,1024
"k__Bacteria|p__Proteobacteria|c__Alphaproteobacteria|",228,345,356,564,378,345,1314,498,587,232,407,323,431,513,884,395,386,1547,450,257,762,632,331,479,310,280,504,468,1057,328,356,986,593,353,323,358,363,464,356,1330,1147,169,1105,226,154,1355,400,412,451,724,680,674,287,1111,542,582,663,270,338,458,553,499,495,413,683,271,472,967,196,373,409,767,397,281,283,367,271,244,740,320
"k__Bacteria|p__Proteobacteria|c__Alphaproteobacteria|o__Caulobacterales|f__Caulobacteraceae|g__Phenylobacterium|",128,547,293,222,249,226,409,260,498,489,261,270,694,704,456,1050,354,693,458,232,375,212,262,715,417,218,1088,439,282,185,339,482,247,208,500,173,346,1057,370,451,1961,161,423,86,179,749,168,307,1047,563,509,1502,416,455,213,471,205,184,289,741,295,230,772,453,273,570,498,298,85,261,167,320,90,290,372,212,751,237,376,125
"k__Bacteria|p__Proteobacteria|c__Alphaproteobacteria|o__Micropepsales|f__Micropepsaceae|g__Micropepsis|",28,44,63,151,83,79,436,139,108,37,126,58,62,89,291,64,92,379,97,53,261,170,44,48,52,38,83,103,290,104,87,312,154,37,21,93,58,52,71,462,99,28,324,52,18,394,126,48,34,93,56,90,46,224,180,71,192,76,65,20,157,36,63,80,151,39,83,288,66,58,145,201,36,7,70,54,28,47,170,58
"k__Bacteria|p__Proteobacteria|c__Alphaproteobacteria|o__Micropepsales|f__Micropepsaceae|g__Rhizomicrobium|",415,348,235,808,528,319,1486,532,688,165,486,507,626,406,920,473,467,1671,515,379,1007,705,743,473,238,353,283,373,861,328,250,1007,650,533,321,488,593,262,493,1628,574,137,1182,267,283,1373,447,445,306,636,899,878,265,972,623,378,923,293,444,337,702,748,586,427,678,259,449,886,228,401,476,967,573,351,216,303,244,178,927,204
"k__Bacteria|p__Proteobacteria|c__Alphaproteobacteria|o__Rhizobiales|",599,832,1100,2842,1088,851,4768,2339,1319,741,1028,729,1047,1547,4223,1163,1238,5404,1516,666,4024,1812,818,1012,800,689,1657,1499,4590,1122,866,5277,1987,890,625,993,817,1555,933,4096,2703,473,5262,588,387,4569,1537,932,1239,1637,1447,1526,1113,5014,1657,1257,2241,1056,822,1060,1612,807,1260,1273,2746,872,1401,2986,587,965,2062,2478,756,650,909,702,695,703,2594,913
"k__Bacteria|p__Proteobacteria|c__Alphaproteobacteria|o__Rhizobiales|f__Bradyrhizobiaceae|",458,769,857,2204,592,661,3455,1476,1104,632,550,694,877,1248,3253,907,822,3559,881,550,3105,1240,659,919,740,579,1208,1065,3153,863,601,4049,1089,682,490,765,724,1338,697,2974,2186,320,3427,373,342,3265,823,811,899,1155,1195,1268,657,3774,906,1001,1401,643,808,977,793,688,1194,867,2259,535,843,2030,282,834,1678,1256,672,511,656,580,616,478,1956,692
"k__Bacteria|p__Proteobacteria|c__Alphaproteobacteria|o__Rhizobiales|f__Bradyrhizobiaceae|g__Bradyrhizobium|",203,491,793,1555,799,505,2009,1656,716,451,835,374,523,1123,2367,797,764,2378,1548,374,2258,1088,381,503,802,348,980,944,1561,1087,674,2547,1117,305,334,994,514,1013,622,1755,1372,461,2564,435,227,2123,1234,575,711,989,685,866,820,2558,1113,916,1224,1009,585,668,1073,394,622,1013,1630,570,978,1326,462,493,1155,1424,347,281,890,424,460,460,1367,855
"k__Bacteria|p__Proteobacteria|c__Alphaproteobacteria|o__Rhizobiales|f__Bradyrhizobiaceae|g__Pseudolabrys|",992,1454,1530,4141,967,1211,5366,2387,2264,1078,921,1185,1627,2187,4902,1600,1650,5550,1461,1144,4779,1941,1342,1635,1498,1062,2270,1841,5443,1382,1163,5931,1847,1373,1039,1147,1206,2365,1237,4340,4486,598,6531,506,762,5920,1451,1739,2144,2478,2489,2683,1244,6180,1798,1999,3110,1094,1623,2011,1589,1652,2201,1730,3401,1374,1957,3610,541,1771,2624,2190,1535,901,1177,1351,1209,1048,3221,1237
"k__Bacteria|p__Proteobacteria|c__Alphaproteobacteria|o__Rhizobiales|f__Bradyrhizobiaceae|g__Rhodoplanes|",271,633,665,2049,531,615,3549,1434,700,587,478,414,750,1018,3229,885,869,3429,766,360,2945,898,429,613,745,419,1090,783,3128,585,552,3595,911,420,523,555,545,1130,565,2805,2083,362,3667,366,221,3200,814,665,829,1029,818,1073,701,3583,817,879,1568,540,580,765,813,462,811,917,2198,572,882,2043,300,530,1509,1059,335,417,636,407,484,486,1795,601
"k__Bacteria|p__Proteobacteria|c__Alphaproteobacteria|o__Rhizobiales|f__Hyphomicrobiaceae|",306,339,550,1255,448,397,2261,981,574,273,629,370,462,740,1756,497,588,2156,602,365,1687,954,332,453,496,369,730,694,1698,649,304,1876,1033,440,327,501,391,669,411,1867,1199,228,1997,380,222,1805,704,418,517,813,689,683,434,1928,841,678,1022,511,450,535,947,512,532,673,1165,296,660,1406,323,347,897,1224,392,180,433,380,269,323,1073,460
"k__Bacteria|p__Proteobacteria|c__Alphaproteobacteria|o__Rhizobiales|f__Hyphomicrobiaceae|g__Hyphomicrobium|",223,438,635,1178,494,496,2087,1080,641,310,551,250,450,807,1768,522,641,2436,712,293,1737,865,316,388,439,295,673,823,1919,758,441,2302,965,328,246,608,345,714,580,1769,1165,278,1845,329,142,1935,739,441,557,867,635,604,445,1854,860,782,990,532,430,509,970,412,489,751,1076,315,643,1437,279,481,753,1183,305,195,571,292,305,396,1224,394
"k__Bacteria|p__Proteobacteria|c__Alphaproteobacteria|o__Rhizobiales|f__Hyphomicrobiaceae|g__Methyloceanibacter|",165,330,435,1182,452,393,2101,792,488,228,337,276,381,643,1564,378,581,2260,533,219,1426,799,280,335,318,160,633,617,1522,489,344,1803,794,273,265,370,198,601,389,1569,1221,269,1801,236,188,1716,658,414,399,684,560,577,350,1725,772,556,1014,361,308,447,736,340,439,590,1014,341,634,1188,245,261,713,1092,286,241,411,312,259,273,989,321
"k__Bacteria|p__Proteobacteria|c__Alphaproteobacteria|o__Rhizobiales|f__Hyphomicrobiaceae|g__Methyloligella|",634,839,1044,2911,1260,1026,4752,2038,1134,698,1058,856,1044,1520,3759,1028,1108,5074,1549,622,3353,1950,836,1001,878,694,1372,1619,3766,1297,739,4255,2063,820,586,1026,747,1234,898,4114,2463,533,4430,744,392,4225,1647,972,1180,1662,1368,1333,832,3749,1706,1365,2555,1154,814,940,1759,800,1180,1113,2359,826,1485,3170,683,874,1790,2325,896,481,1021,676,684,823,2590,982
"k__Bacteria|p__Proteobacteria|c__Alphaproteobacteria|o__Rhizobiales|f__Hyphomicrobiaceae|g__Pedomicrobium|",165,296,410,1015,454,389,1704,916,427,230,392,245,296,620,1534,369,538,1794,513,185,1351,666,231,423,442,224,521,530,1967,441,392,1928,833,273,162,396,267,586,347,1610,1120,226,1746,273,118,1623,560,277,464,682,545,470,425,1743,665,585,750,398,260,342,747,268,547,579,976,305,556,1196,245,267,743,1162,215,230,404,247,244,286,975,306
"k__Bacteria|p__Proteobacteria|c__Alphaproteobacteria|o__Rhizobiales|f__Methylobacteriaceae|g__Microvirga|",304,834,1050,887,426,708,1419,1612,1005,779,464,507,1203,1491,1251,1293,967,1558,852,551,1442,908,579,1093,774,569,1917,864,1071,822,664,1498,981,601,664,534,912,1697,718,1197,2626,502,1395,327,322,1265,1018,944,2025,1305,1031,2282,880,1368,815,775,627,930,767,1294,800,619,1423,1121,826,1383,999,963,402,734,596,1162,507,787,735,649,1026,553,666,660
"k__Bacteria|p__Proteobacteria|c__Alphaproteobacteria|o__Rhizobiales|f__Phyllobacteriaceae|g__Mesorhizobium|",127,367,553,535,422,330,765,1027,504,455,410,234,480,870,754,709,506,799,853,348,1145,526,354,421,519,298,1170,546,580,753,480,843,762,324,337,460,628,833,368,638,1103,304,818,196,204,937,799,594,982,622,607,949,531,740,499,576,4622,610,535,658,546,295,553,751,484,748,525,446,243,427,382,905,287,300,530,331,626,293,405,367
"k__Bacteria|p__Proteobacteria|c__Alphaproteobacteria|o__Rhizobiales|f__Rhizobiaceae|g__Rhizobium|",32,186,650,77,448,260,91,1569,267,205,501,22,147,1041,86,349,437,95,1489,163,227,566,104,189,571,127,555,406,77,989,429,141,1231,96,149,537,217,519,375,78,507,424,150,285,38,133,1180,175,333,528,198,381,612,110,838,509,1287,1190,172,322,996,135,206,977,69,364,523,59,409,126,41,1450,93,136,435,128,264,313,54,397
"k__Bacteria|p__Proteobacteria|c__Alphaproteobacteria|o__Rhodospirillales|",846,1253,1451,3194,1484,1190,6971,2935,2234,1167,1556,1341,1568,1780,4518,1780,1653,7260,2017,1147,4348,2799,1365,1614,1356,923,2304,2002,4597,1632,1128,5351,3045,1239,864,1410,1378,2041,1262,6226,4445,666,5665,845,650,6033,2105,1321,1738,2287,2359,2558,1150,5431,2198,1986,3314,1616,1616,1688,2318,1461,2119,1787,2624,1220,1890,3898,758,1324,2078,3690,1470,973,1360,1208,1036,889,3692,1165
"k__Bacteria|p__Proteobacteria|c__Alphaproteobacteria|o__Rhodospirillales|f__Acetobacteraceae|",273,246,335,635,350,292,1487,595,558,277,297,326,379,344,920,407,307,1599,389,269,1000,619,345,304,232,173,544,387,1097,410,217,1186,631,278,200,321,341,443,194,1078,804,108,1065,195,157,1175,437,342,313,517,529,525,221,1060,419,373,692,303,306,320,464,313,467,290,667,260,246,841,163,282,363,706,344,194,226,285,227,175,756,264
"k__Bacteria|p__Proteobacteria|c__Alphaproteobacteria|o__Rhodospirillales|f__Azospirillaceae|",53,54,77,272,77,82,598,167,112,59,84,90,97,108,391,78,126,645,140,65,381,139,84,63,86,42,79,123,422,102,71,506,131,88,47,57,63,94,82,558,186,56,488,56,36,468,55,62,52,129,105,108,68,397,96,113,288,93,89,98,102,77,107,48,223,68,123,335,38,83,125,167,79,46,62,58,34,38,254,56
"k__Bacteria|p__Proteobacteria|c__Alphaproteobacteria|o__Rhodospirillales|f__Azospirillaceae|g__Skermanella|",112,152,147,455,203,136,902,521,207,87,184,72,124,357,647,190,210,995,303,116,646,254,99,140,189,67,290,318,843,220,244,823,431,130,119,209,134,233,152,769,453,88,869,134,74,989,261,156,260,304,230,251,165,874,328,252,411,266,129,219,271,110,168,234,536,141,282,562,140,124,313,635,102,98,165,88,110,131,425,160
"k__Bacteria|p__Proteobacteria|c__Alphaproteobacteria|o__Rhodospirillales|f__Reyranellaceae|g__Reyranella|",311,433,441,505,288,295,737,739,742,470,296,479,614,462,790,643,354,879,466,390,620,488,573,595,295,375,790,418,620,363,247,887,632,460,351,359,534,759,399,744,1333,150,849,163,250,892,456,576,641,537,746,837,275,904,480,420,801,412,583,572,497,525,731,375,449,415,445,530,163,553,393,907,479,273,295,423,484,194,601,306
"k__Bacteria|p__Proteobacteria|c__Alphaproteobacteria|o__Rhodospirillales|f__Rhodospirillaceae|",121,330,204,435,402,187,815,685,270,197,360,172,369,418,699,397,384,882,563,196,504,609,172,280,309,135,490,341,724,359,248,710,819,184,235,348,200,430,284,856,794,133,676,246,87,893,570,237,394,448,329,478,320,741,590,381,494,433,229,363,671,177,369,387,383,278,356,526,207,224,249,1036,167,144,241,173,236,155,549,219
"k__Bacteria|p__Proteobacteria|c__Alphaproteobacteria|o__Rhodospirillales|f__Rhodospirillaceae|g__Dongia|",44,142,235,419,668,155,598,1141,103,144,675,27,145,589,639,327,418,686,1246,106,497,885,60,168,394,61,455,439,824,671,286,725,1403,50,126,585,115,308,356,771,586,213,790,425,49,973,1080,144,292,513,163,286,406,737,1192,648,363,935,117,264,1326,46,165,678,402,267,543,478,380,65,239,2334,38,57,339,67,197,221,423,373
"k__Bacteria|p__Proteobacteria|c__Alphaproteobacteria|o__Sphingomonadales|f__Sphingomonadaceae|g__Sphingomonas|",1106,2023,1311,1461,1332,1044,2146,2020,2300,1723,1109,1524,1859,2173,1777,2637,1813,2486,1519,1640,2092,1957,1586,2170,1393,1414,3279,2169,1677,1213,1040,2646,1962,1372,1231,1143,1928,2976,1596,2321,4835,783,2319,599,788,2733,1451,2112,2741,2667,2521,3497,1207,2487,1921,1866,1173,1018,2166,2160,1934,1604,2351,1644,1446,1648,1788,1294,533,1744,986,2661,934,911,1188,1752,1681,944,1335,877
"k__Bacteria|p__Proteobacteria|c__Betaproteobacteria|",840,1737,1561,4378,1161,1390,8436,2735,2006,1427,962,1119,1916,2408,6567,2040,1890,9195,1715,1170,5842,1701,1087,1638,1519,976,2878,2545,7183,1294,1363,7080,1885,1158,1191,1206,1415,2649,1534,7239,4682,767,7415,826,582,7876,1307,1598,2200,2516,2085,2896,1408,7416,1731,2342,4164,1043,1533,2024,1588,1213,2119,2209,4299,1697,2259,5134,586,1452,3075,2488,849,1022,1589,1216,1156,1208,4346,1164
"k__Bacteria|p__Proteobacteria|c__Betaproteobacteria|o__Burkholderiales|",254,508,587,1813,390,536,3150,1122,736,400,355,351,582,963,2704,670,812,3109,553,358,2174,575,347,551,573,384,933,896,2905,556,529,3038,596,362,419,465,467,963,387,2678,1786,316,3147,306,279,2878,411,619,799,866,686,1043,684,3142,607,807,1580,408,563,710,561,412,651,798,1798,634,729,1949,218,480,1274,891,307,325,564,455,400,378,1540,341
"k__Bacteria|p__Proteobacteria|c__Betaproteobacteria|o__Burkholderiales|f__Burkholderiaceae|g__Cupriavidus|",399,1021,1366,61,431,998,105,1544,1179,1380,533,545,1086,2769,113,1939,1630,216,1300,897,53,653,627,1286,1524,746,3012,1727,170,1089,1442,69,1335,612,754,551,1245,2763,1173,95,3377,998,88,361,317,195,930,1253,2077,1742,969,1753,1521,147,837,1649,66,1299,974,1913,719,606,1233,2802,39,1890,1802,99,440,783,38,1746,330,796,1307,639,1419,1088,62,286
"k__Bacteria|p__Proteobacteria|c__Betaproteobacteria|o__Burkholderiales|f__Burkholderiaceae|g__Paraburkholderia|",2,25,18,6,222,20,43,297,13,29,293,12,25,85,14,14,17,23,524,24,36,252,195,0,28,0,17,74,9,131,25,4,491,6,10,142,17,41,11,25,33,21,16,203,5,76,234,22,16,2,13,5,61,15,165,42,3,164,15,3,416,7,7,48,24,9,107,7,77,59,39,595,3,4,62,4,14,4,16,191
"k__Bacteria|p__Proteobacteria|c__Betaproteobacteria|o__Burkholderiales|f__Burkholderiales_incertae_sedis|g__Thiobacter|",6,92,61,291,21,57,565,40,60,79,31,24,103,82,334,98,53,581,37,11,265,29,31,72,62,28,207,86,260,12,29,278,52,32,52,17,24,127,58,494,233,36,297,5,24,452,28,40,144,98,60,191,34,260,39,103,201,30,41,113,39,38,120,70,212,93,92,276,9,19,120,49,12,68,54,57,81,53,180,20
"k__Bacteria|p__Proteobacteria|c__Betaproteobacteria|o__Burkholderiales|f__Comamonadaceae|",57,115,90,284,66,96,447,222,164,106,62,56,74,239,520,187,135,536,183,89,438,90,107,110,182,56,268,162,555,56,132,565,155,44,95,114,120,217,93,425,307,79,503,58,33,473,75,96,137,155,157,211,161,600,152,172,255,59,109,192,133,59,112,238,369,104,118,282,62,89,193,217,82,64,122,70,43,91,240,44
"k__Bacteria|p__Proteobacteria|c__Betaproteobacteria|o__Nitrosomonadales|",92,162,214,1075,160,251,1646,526,276,248,123,107,179,411,1374,309,329,1771,306,133,1425,292,113,202,260,162,397,289,1567,166,251,1464,327,86,133,159,127,349,214,1409,636,139,1472,116,50,1717,199,255,358,479,303,455,251,1687,297,337,707,231,172,325,278,126,298,317,935,211,319,1223,82,156,703,377,101,164,205,113,198,137,1057,177
"k__Bacteria|p__Proteobacteria|c__Betaproteobacteria|o__Nitrosomonadales|f__Gallionellaceae|",49,45,32,193,16,7,295,62,10,29,11,56,50,36,318,15,40,353,35,1,217,54,17,13,32,3,55,49,348,17,8,303,44,28,5,33,16,32,19,247,34,7,373,12,0,340,30,65,17,73,40,35,14,412,48,33,141,20,35,20,44,17,24,45,208,21,24,228,13,43,116,46,9,29,23,18,47,15,145,19
"k__Bacteria|p__Proteobacteria|c__Betaproteobacteria|o__Nitrosomonadales|f__Nitrosomonadaceae|g__Nitrosospira|",40,171,124,234,28,87,433,67,194,230,13,98,248,95,429,264,113,546,71,134,334,78,122,232,98,73,451,120,339,30,64,378,57,103,136,37,168,325,69,507,520,38,393,17,14,517,36,160,345,120,172,456,101,506,47,60,235,40,136,307,133,99,282,63,211,298,150,274,29,142,156,83,47,166,101,113,156,74,241,22
"k__Bacteria|p__Proteobacteria|c__Betaproteobacteria|o__Nitrosomonadales|f__Sterolibacteriaceae|",35,45,77,228,19,71,392,160,72,37,65,35,47,112,366,51,70,379,82,44,256,54,31,47,53,32,100,83,431,51,82,377,31,46,22,43,33,89,39,267,188,22,337,39,15,373,64,95,89,110,61,90,124,376,88,92,123,58,38,77,60,35,72,103,174,47,79,262,17,63,142,65,17,14,63,38,44,23,160,39
"k__Bacteria|p__Proteobacteria|c__Betaproteobacteria|o__Nitrosomonadales|f__Thiobacillaceae|g__Sulfuritortus|",25,19,47,243,25,34,409,90,63,39,8,0,22,106,357,32,52,457,95,52,382,55,0,38,39,11,38,65,398,48,72,437,62,14,24,57,33,75,34,355,94,29,393,0,18,365,58,67,19,87,52,76,39,455,78,74,178,51,52,53,37,34,37,62,286,15,50,280,45,6,194,66,25,0,57,27,41,30,229,54
"k__Bacteria|p__Proteobacteria|c__Deltaproteobacteria|",464,820,1068,2854,985,761,5662,2548,1075,667,994,588,863,1984,4789,1000,1301,6185,1813,644,3777,1654,716,943,1013,574,1496,1403,5665,1122,884,5637,2241,708,480,898,658,1276,910,4467,2662,582,5333,689,331,5981,1657,794,1231,1657,1265,1385,1125,4817,1594,1406,2582,1349,799,913,1685,683,1047,1451,2911,869,1487,3474,600,786,2255,3037,598,491,967,638,687,669,2730,781
"k__Bacteria|p__Proteobacteria|c__Deltaproteobacteria|o__Desulfovibrionales|f__Desulfovibrionaceae|g__Desulfocurvus|",175,242,0,0,165,177,0,0,0,156,144,0,217,0,0,0,300,0,247,236,0,238,234,231,154,163,473,202,0,0,232,0,0,0,0,210,303,269,224,0,519,321,0,402,0,0,340,666,586,83,418,623,601,0,365,307,0,0,552,368,381,711,349,400,0,59,0,0,313,376,0,0,0,512,278,292,0,186,0,410
"k__Bacteria|p__Proteobacteria|c__Deltaproteobacteria|o__Desulfuromonadales|f__Geobacteraceae|g__Geobacter|",7,18,18,274,33,9,441,44,2,6,13,10,6,85,380,8,54,952,37,3,1068,34,10,17,12,8,14,32,421,14,13,458,54,13,0,4,2,20,16,456,63,12,375,7,4,508,17,2,13,74,11,14,6,488,48,2,222,24,9,83,45,13,10,36,269,0,42,349,20,0,527,41,7,11,32,7,7,22,181,8
"k__Bacteria|p__Proteobacteria|c__Deltaproteobacteria|o__Myxococcales|",288,757,905,1056,783,742,2085,1812,852,660,845,476,895,1700,1695,1106,1089,2227,1409,438,1418,1108,520,823,861,441,1420,1124,1675,1057,854,1808,1436,498,564,682,596,1083,971,1591,2513,573,1828,521,287,1856,981,681,1281,1484,923,1421,922,1847,1114,1366,1118,1045,639,1020,1462,607,970,1560,1145,1017,1348,1270,530,499,733,1893,475,464,945,532,684,734,1006,524
"k__Bacteria|p__Proteobacteria|c__Deltaproteobacteria|o__Myxococcales|f__Anaeromyxobacteraceae|g__Anaeromyxobacter|",80,68,112,408,60,72,836,131,127,38,56,114,36,192,483,75,92,697,133,84,455,117,165,53,49,87,171,112,617,53,52,497,100,66,45,150,90,130,54,472,318,39,398,24,15,839,83,83,110,135,218,183,71,557,115,124,278,65,72,159,84,61,196,116,242,128,128,473,27,78,296,145,33,45,74,36,36,76,261,58
"k__Bacteria|p__Proteobacteria|c__Deltaproteobacteria|o__Myxococcales|f__Cystobacteraceae|g__Archangium|",255,510,916,104,135,573,60,471,1085,1191,316,188,1014,796,85,1474,647,166,248,524,183,315,202,723,589,360,1490,590,92,403,575,149,351,223,622,235,390,1378,936,107,2350,436,99,146,37,238,317,697,2029,705,311,1501,400,165,330,453,0,311,743,1224,372,187,989,687,64,1351,477,49,152,392,48,381,120,208,403,397,885,308,104,603
"k__Bacteria|p__Proteobacteria|c__Deltaproteobacteria|o__Myxococcales|f__Cystobacteraceae|g__Cystobacter|",178,381,384,336,112,279,469,331,569,728,258,220,651,747,411,779,412,473,204,323,449,186,150,603,308,268,741,455,467,309,400,490,259,134,419,96,314,711,409,368,1147,212,451,110,61,514,160,434,948,433,265,845,210,563,267,331,229,168,404,617,188,166,611,352,280,764,304,303,115,315,167,211,157,163,239,340,433,209,266,424
"k__Bacteria|p__Proteobacteria|c__Deltaproteobacteria|o__Myxococcales|f__Kofleriaceae|g__Kofleria|",253,540,410,1035,393,386,2215,879,677,458,468,334,617,705,1646,631,499,2173,665,417,1307,707,327,547,407,331,1049,506,1489,572,342,1691,801,307,366,515,491,875,401,1601,1488,198,1712,212,193,1645,720,510,839,620,702,991,375,1763,714,580,838,472,556,640,711,419,831,668,941,602,508,1079,286,441,832,1061,354,335,438,372,442,298,1083,344
"k__Bacteria|p__Proteobacteria|c__Deltaproteobacteria|o__Myxococcales|f__Labilitrichaceae|g__Labilithrix|",249,442,851,734,806,748,1375,1185,692,465,821,489,651,1057,909,729,956,1341,873,406,1044,1303,477,594,721,407,862,1276,922,640,567,1231,1374,428,407,645,514,771,768,961,1755,353,1158,476,253,1164,849,519,683,1363,688,908,588,986,1078,1167,567,546,544,804,1497,478,621,1024,670,546,983,731,385,480,477,1868,385,295,697,385,509,602,675,585
"k__Bacteria|p__Proteobacteria|c__Deltaproteobacteria|o__Myxococcales|f__Myxococcaceae|g__Aggregicoccus|",0,61,215,8,16,113,47,280,0,183,43,3,295,362,15,463,180,44,94,32,17,15,0,233,79,6,779,237,63,38,201,39,278,3,86,30,59,399,358,52,489,239,23,86,1,17,80,183,462,179,9,250,404,26,15,142,24,133,29,546,95,8,192,291,21,389,336,34,8,9,2,20,8,0,259,2,244,59,14,127
"k__Bacteria|p__Proteobacteria|c__Deltaproteobacteria|o__Myxococcales|f__Myxococcaceae|g__Myxococcus|",7,246,97,0,20,41,24,127,9,269,34,68,135,160,13,253,20,30,56,31,39,44,12,153,88,87,249,189,14,35,165,11,47,0,91,28,58,391,195,26,750,81,19,56,10,39,0,61,293,226,41,459,344,10,161,75,15,69,69,220,129,4,123,189,25,152,175,15,13,39,0,38,31,129,146,63,407,85,11,62
"k__Bacteria|p__Proteobacteria|c__Deltaproteobacteria|o__Myxococcales|f__Nannocystaceae|g__Nannocystis|",976,2585,1134,19,251,859,19,298,2199,1603,283,1471,2550,1301,11,2413,1041,110,301,1441,25,325,1792,2570,684,1258,2814,1077,19,265,897,34,371,1664,2060,175,1772,2336,1016,14,8057,518,25,139,862,1567,400,1411,3116,1441,2256,4867,654,41,357,1690,7,230,1903,2646,476,1712,3028,1289,7,2051,1199,10,109,1177,8,507,1202,1810,909,1201,1893,787,40,184
"k__Bacteria|p__Proteobacteria|c__Deltaproteobacteria|o__Myxococcales|f__Polyangiaceae|",137,286,520,893,429,277,1548,1036,324,261,481,136,323,871,1309,382,553,1780,586,229,1245,537,187,332,520,191,502,656,1371,474,418,1714,717,174,182,472,232,498,333,1294,865,376,1630,250,110,1375,494,248,387,815,353,516,479,1266,713,714,729,647,235,300,672,172,325,793,825,317,655,1086,280,258,586,1301,125,153,522,208,235,400,772,272
"k__Bacteria|p__Proteobacteria|c__Deltaproteobacteria|o__Myxococcales|f__Polyangiaceae|g__Minicystis|",20,13,88,215,119,52,436,228,44,37,127,31,18,194,318,53,138,432,152,15,221,206,7,44,75,20,79,119,484,126,111,387,180,20,36,115,23,77,54,280,154,46,372,62,13,403,68,36,55,100,97,75,71,379,204,101,110,123,8,35,181,20,63,157,237,55,100,278,27,57,134,320,23,26,120,38,33,73,228,61
"k__Bacteria|p__Proteobacteria|c__Deltaproteobacteria|o__Myxococcales|f__Polyangiaceae|g__Sorangium|",240,157,535,149,340,372,277,119,901,83,276,476,184,631,230,186,596,253,169,455,310,325,461,151,282,441,177,514,281,95,293,287,157,520,109,56,522,161,463,172,637,158,428,102,181,219,86,426,212,581,727,322,273,370,241,596,120,77,661,183,350,328,240,688,220,117,544,196,23,320,151,390,387,86,388,507,115,249,236,35
"k__Bacteria|p__Proteobacteria|c__Deltaproteobacteria|o__Myxococcales|f__Sandaracinaceae|g__Sandaracinus|",149,448,351,140,294,214,175,531,305,387,241,199,685,676,161,594,467,261,471,269,156,207,296,463,310,181,712,382,158,307,321,198,414,215,319,226,353,790,398,134,1361,203,285,115,116,238,328,329,823,499,469,1031,286,199,343,581,76,387,378,518,465,285,558,626,94,572,443,123,125,316,73,541,183,302,404,265,467,315,110,94
"k__Bacteria|p__Proteobacteria|c__Deltaproteobacteria|o__Myxococcales|f__Vulgatibacteraceae|g__Vulgatibacter|",114,397,103,39,19,104,70,49,458,380,30,181,686,178,42,525,139,93,23,294,79,48,223,511,65,238,910,118,52,65,95,69,87,290,255,23,456,692,171,44,1071,20,50,15,132,68,48,354,925,155,583,948,76,52,38,105,29,78,419,475,34,309,800,178,43,873,97,27,13,300,9,61,260,397,117,469,504,71,48,5
"k__Bacteria|p__Proteobacteria|c__Gammaproteobacteria|",325,597,662,2357,877,374,4453,1619,606,505,891,428,650,1242,3110,666,831,5079,1157,367,2315,980,573,751,631,348,990,1003,3680,660,674,3375,1389,470,443,678,570,983,686,3265,1826,438,4122,411,233,4176,804,618,1001,1102,765,1190,704,3439,1097,886,2740,718,605,737,1238,564,822,1050,1910,617,940,3242,321,486,1464,1539,406,352,781,375,545,438,2607,578
"k__Bacteria|p__Proteobacteria|c__Gammaproteobacteria|o__Chromatiales|",78,218,64,401,68,78,596,131,161,116,101,117,238,174,509,129,132,737,124,69,359,109,119,207,94,87,261,133,440,82,114,528,108,123,132,44,113,276,158,488,486,50,523,18,72,644,58,85,221,171,130,297,87,447,98,141,311,50,103,151,81,110,295,170,299,114,149,452,38,93,200,163,56,91,83,95,120,77,423,108
"k__Bacteria|p__Proteobacteria|c__Gammaproteobacteria|o__Chromatiales|f__Ectothiorhodospiraceae|",17,30,36,165,80,14,434,117,72,22,58,35,122,120,328,57,107,470,81,22,249,79,43,17,64,15,82,114,414,66,87,391,83,25,23,47,30,38,55,395,189,53,302,28,31,326,59,51,74,164,103,97,57,376,117,96,185,47,35,64,123,37,43,130,197,48,82,330,28,23,178,91,24,23,55,27,27,98,222,59
"k__Bacteria|p__Proteobacteria|c__Gammaproteobacteria|o__Gammaproteobacteria_incertae_sedis|f__Acidibacter|",259,425,517,1317,613,439,2681,1009,806,415,443,330,350,1234,2300,762,639,2789,940,397,1900,789,441,427,732,274,884,866,1729,702,691,2911,971,341,313,715,508,886,556,2408,1089,345,3030,274,190,2423,680,651,605,933,588,793,617,2431,710,784,1487,576,503,678,851,432,520,977,1396,502,779,1835,284,511,955,1143,532,183,704,367,324,363,1990,277
"k__Bacteria|p__Proteobacteria|c__Gammaproteobacteria|o__Gammaproteobacteria_incertae_sedis|f__Candidatus_Carsonella|",164,404,305,30,95,192,74,248,274,252,113,413,523,92,23,211,290,25,113,154,28,196,318,327,154,184,439,229,38,131,178,37,180,289,283,54,213,362,3,49,840,66,47,38,69,32,108,306,236,243,318,469,207,41,117,251,41,73,140,185,209,327,585,120,23,269,164,35,35,164,19,127,302,157,95,218,188,123,34,74
"k__Bacteria|p__Proteobacteria|c__Gammaproteobacteria|o__Legionellales|f__Coxiellaceae|g__Aquicella|",55,164,242,742,310,198,2077,486,220,184,318,114,221,560,1248,175,456,2719,483,163,751,363,150,314,233,167,353,561,2118,303,456,1719,704,87,228,229,135,445,325,1799,594,200,1772,223,56,2022,369,192,393,650,285,308,299,1589,487,533,1009,259,182,225,553,119,244,527,616,212,487,1349,144,85,619,836,86,123,327,121,207,250,1122,308
"k__Bacteria|p__Proteobacteria|c__Gammaproteobacteria|o__Legionellales|f__Legionellaceae|g__Legionella|",13,42,98,319,115,72,669,114,53,55,93,50,44,131,312,81,129,480,195,50,198,100,19,54,72,29,112,112,508,134,130,263,214,40,28,73,26,117,85,418,160,76,330,76,15,765,135,58,93,217,43,99,93,326,168,210,267,103,101,77,235,35,45,164,150,96,139,243,24,32,133,226,22,33,163,30,38,78,358,153
"k__Bacteria|p__Proteobacteria|c__Gammaproteobacteria|o__Nevskiales|f__Steroidobacteraceae|g__Povalibacter|",38,137,100,413,93,113,670,292,119,132,114,52,125,455,635,220,225,670,177,117,524,134,59,165,202,82,334,254,759,77,209,842,133,27,58,89,103,282,148,482,415,106,660,86,9,681,98,145,215,239,123,165,182,629,155,183,219,112,130,175,201,52,108,290,346,194,158,493,71,77,218,190,29,65,147,101,128,103,313,102
"k__Bacteria|p__Proteobacteria|c__Gammaproteobacteria|o__Nevskiales|f__Steroidobacteraceae|g__Steroidobacter|",66,250,253,518,192,255,763,512,215,291,166,138,330,588,793,562,384,1003,385,184,831,140,69,277,364,176,699,457,993,231,388,1074,239,110,210,214,272,643,284,718,838,278,869,102,69,1135,157,260,644,496,260,537,378,1003,309,441,399,247,275,492,282,75,238,596,600,498,403,674,94,212,287,406,27,138,394,157,449,278,425,144
"k__Bacteria|p__Proteobacteria|c__Gammaproteobacteria|o__Xanthomonadales|f__Rhodanobacteraceae|g__Rhodanobacter|",138,219,46,3,34,49,13,44,354,260,32,246,348,56,7,272,96,17,73,182,0,85,257,281,80,157,322,98,1,51,34,31,140,223,156,46,346,384,67,6,545,61,10,22,96,5,53,239,349,100,434,567,58,25,28,81,397,24,252,302,60,247,485,131,8,206,96,7,7,135,0,112,208,182,51,242,238,57,8,9
"k__Bacteria|p__Proteobacteria|c__Gammaproteobacteria|o__Xanthomonadales|f__Rhodanobacteraceae|g__Rudaea|",11,20,104,263,85,63,457,262,38,25,87,7,25,160,395,34,63,462,168,23,381,190,10,28,55,13,43,56,422,135,73,544,249,33,9,83,14,54,61,435,37,38,447,19,0,459,143,26,10,97,13,46,90,383,129,51,278,137,29,33,112,16,15,86,266,15,39,234,63,24,207,186,27,10,77,17,17,39,212,53
"k__Bacteria|p__Proteobacteria|c__Gammaproteobacteria|o__Xanthomonadales|f__Xanthomonadaceae|g__Arenimonas|",7,23,30,216,13,39,262,90,61,18,13,10,10,79,419,165,26,401,74,28,309,11,5,16,13,4,59,59,366,47,21,505,71,8,10,31,26,65,36,377,25,24,452,11,2,356,40,45,28,22,51,6,35,583,40,39,194,46,43,20,14,13,35,63,407,43,31,241,13,35,197,55,0,16,45,26,12,13,261,7
"k__Bacteria|p__Proteobacteria|c__Gammaproteobacteria|o__Xanthomonadales|f__Xanthomonadaceae|g__Lysobacter|",214,603,406,82,257,201,78,1112,756,606,453,337,491,1105,60,877,551,35,994,496,387,529,327,439,676,352,1587,680,45,764,476,110,1309,249,341,470,669,1095,403,30,1173,496,132,251,130,92,923,654,1151,494,587,780,633,116,546,678,16,1145,811,733,691,272,451,1124,32,1092,565,56,343,651,25,1675,131,154,578,631,682,350,28,264
"k__Bacteria|p__Verrucomicrobia|",252,516,564,35,151,397,90,179,728,654,124,334,750,730,54,883,580,94,213,604,59,122,403,642,451,438,1253,711,64,94,417,114,118,400,426,84,705,1015,607,51,1686,264,64,42,219,104,174,598,897,792,597,1121,524,49,60,604,26,86,673,777,172,474,970,632,29,840,419,49,71,537,29,172,441,458,372,506,575,447,34,88
"k__Bacteria|p__Verrucomicrobia|c__Spartobacteria|",249,530,536,1274,612,464,2149,1190,514,312,623,282,556,945,1796,471,703,2176,1057,355,1734,1058,287,416,572,422,855,713,1975,787,442,2311,1105,262,226,600,465,696,489,1799,1398,305,2178,452,186,2029,1005,517,663,872,755,753,491,2071,988,809,1024,699,482,651,969,398,504,758,980,486,796,1312,326,458,869,1495,338,316,606,422,391,428,1054,486
"k__Bacteria|p__Verrucomicrobia|c__Subdivision3|",196,366,396,1269,403,381,2557,816,466,302,444,260,476,666,2035,398,563,2508,514,268,1586,457,260,453,392,225,546,650,2294,395,361,2462,690,326,345,411,312,597,433,2047,932,238,2187,199,144,2404,458,339,392,797,473,613,443,1988,641,590,1135,391,343,400,513,255,557,636,1117,303,678,1747,192,301,688,912,274,152,412,263,268,295,1435,357
"k__Bacteria|p__candidate_division_WPS-1|",69,80,134,397,171,118,773,421,205,79,171,95,91,356,505,198,191,834,275,83,447,314,108,153,174,88,218,195,566,277,125,661,375,82,98,152,119,229,148,562,449,88,805,66,57,762,216,186,172,270,232,247,148,636,290,244,356,236,140,141,242,91,192,217,258,210,219,536,105,142,199,608,79,47,213,102,104,131,371,106
